Product_Name;Color;Ton_Kho;Gia_Niem_Yet;Gia_Khuyen_Mai;Date;Khuyen_Mai;Uu_Dai_Them;Link;screenshot_name
Apple Watch SE 2 GPS 44mm viền nhôm dây vải;Xanh đen;Yes;6690000;5490000;2025-12-22;"Khuyến mãi
Giá và khuyến mãi dự kiến áp dụng đến 23:00 | 31/12
1
Thu cũ Đổi mới: Giảm thêm đến 300.000đ (Không kèm ưu đãi thanh toán qua cổng, mua kèm) Xem chi tiết
2
Nhập mã VNPAYTGDD5 giảm 80,000đ (áp dụng tùy giá trị đơn hàng) khi thanh toán qua VNPAY-QR (Xem chi tiết tại đây)
3
Trả chậm 0% lãi suất. Đặc biệt giảm đến 10% tối đa 5 triệu khi thanh toán qua Kredivo (Xem chi tiết tại đây)
4
Nhận ngay 200.000đ hoàn tiền khi mở thẻ tín dụng TPBank EVO và chi tiêu từ 1 triệu đồng (Xem chi tiết tại đây)";;https://www.thegioididong.com/dong-ho-thong-minh/apple-watch-se-2-44mm-vien-nhom-day-vai;Disabled
Apple Watch SE 3 GPS 40mm viền nhôm dây thể thao;Trắng Starlight;Yes;6990000;5690000;2025-12-22;"Khuyến mãi
Giá và khuyến mãi dự kiến áp dụng đến 23:59 | 27/12
1
Thu cũ Đổi mới: Giảm thêm đến 300.000đ (Không kèm ưu đãi thanh toán qua cổng, mua kèm) Xem chi tiết
2
Nhập mã VNPAYTGDD5 giảm 80,000đ (áp dụng tùy giá trị đơn hàng) khi thanh toán qua VNPAY-QR (Xem chi tiết tại đây)
3
Trả chậm 0% lãi suất. Đặc biệt giảm đến 10% tối đa 5 triệu khi thanh toán qua Kredivo (Xem chi tiết tại đây)
4
Nhận ngay 200.000đ hoàn tiền khi mở thẻ tín dụng TPBank EVO và chi tiêu từ 1 triệu đồng (Xem chi tiết tại đây)";;https://www.thegioididong.com/dong-ho-thong-minh/apple-watch-se-3-40mm-vien-nhom-day-the-thao;Disabled
Apple Watch SE 3 GPS + Cellular 40mm viền nhôm dây thể thao;Trắng Starlight;Yes;8490000;7790000;2025-12-22;"Khuyến mãi
Giá và khuyến mãi dự kiến áp dụng đến 23:00 | 31/12
1
Thu cũ Đổi mới: Giảm thêm đến 300.000đ (Không kèm ưu đãi thanh toán qua cổng, mua kèm) Xem chi tiết
2
Nhập mã VNPAYTGDD5 giảm 80,000đ (áp dụng tùy giá trị đơn hàng) khi thanh toán qua VNPAY-QR (Xem chi tiết tại đây)
3
Trả chậm 0% lãi suất. Đặc biệt giảm đến 10% tối đa 5 triệu khi thanh toán qua Kredivo (Xem chi tiết tại đây)
4
Nhận ngay 200.000đ hoàn tiền khi mở thẻ tín dụng TPBank EVO và chi tiêu từ 1 triệu đồng (Xem chi tiết tại đây)";;https://www.thegioididong.com/dong-ho-thong-minh/apple-watch-se-3-gps-cellular-40mm-vien-nhom-day-the-thao;Disabled
Apple Watch Series 11 GPS + Cellular 42m viền Titanium dây thể thao;Titan xám;Yes;20990000;18190000;2025-12-22;"Khuyến mãi
Giá và khuyến mãi dự kiến áp dụng đến 23:59 | 27/12
1
Thu cũ Đổi mới: Giảm thêm đến 300.000đ (Không kèm ưu đãi thanh toán qua cổng, mua kèm) Xem chi tiết
2
Nhập mã VNPAYTGDD5 giảm 80,000đ (áp dụng tùy giá trị đơn hàng) khi thanh toán qua VNPAY-QR (Xem chi tiết tại đây)
3
Trả chậm 0% lãi suất. Đặc biệt giảm đến 10% tối đa 5 triệu khi thanh toán qua Kredivo (Xem chi tiết tại đây)
4
Nhận ngay 200.000đ hoàn tiền khi mở thẻ tín dụng TPBank EVO và chi tiêu từ 1 triệu đồng (Xem chi tiết tại đây)";;https://www.thegioididong.com/dong-ho-thong-minh/apple-watch-series-11-gps-cellular-42m-vien-titanium-day-the-thao;Disabled
Apple Watch Series 11 GPS 42mm viền nhôm dây thể thao;Vàng Hồng;Yes;11490000;9290000;2025-12-22;"Khuyến mãi
Giá và khuyến mãi dự kiến áp dụng đến 23:00 | 31/12
1
Thu cũ Đổi mới: Giảm thêm đến 300.000đ (Không kèm ưu đãi thanh toán qua cổng, mua kèm) Xem chi tiết
2
Nhập mã VNPAYTGDD5 giảm 80,000đ (áp dụng tùy giá trị đơn hàng) khi thanh toán qua VNPAY-QR (Xem chi tiết tại đây)
3
Trả chậm 0% lãi suất. Đặc biệt giảm đến 10% tối đa 5 triệu khi thanh toán qua Kredivo (Xem chi tiết tại đây)
4
Nhận ngay 200.000đ hoàn tiền khi mở thẻ tín dụng TPBank EVO và chi tiêu từ 1 triệu đồng (Xem chi tiết tại đây)";;https://www.thegioididong.com/dong-ho-thong-minh/apple-watch-series-11-42mm-vien-nhom-day-the-thao;Disabled
Apple Watch Series 10 GPS + Cellular 46mm viền Titanium dây thể thao;;Yes;20890000;17190000;2025-12-22;"Khuyến mãi
Giá và khuyến mãi dự kiến áp dụng đến 23:00 | 31/12
1
Thu cũ Đổi mới: Giảm thêm đến 300.000đ (Không kèm ưu đãi thanh toán qua cổng, mua kèm) Xem chi tiết
2
Nhập mã VNPAYTGDD5 giảm 80,000đ (áp dụng tùy giá trị đơn hàng) khi thanh toán qua VNPAY-QR (Xem chi tiết tại đây)
3
Trả chậm 0% lãi suất. Đặc biệt giảm đến 10% tối đa 5 triệu khi thanh toán qua Kredivo (Xem chi tiết tại đây)
4
Nhận ngay 200.000đ hoàn tiền khi mở thẻ tín dụng TPBank EVO và chi tiêu từ 1 triệu đồng (Xem chi tiết tại đây)";;https://www.thegioididong.com/dong-ho-thong-minh/apple-watch-s10-lte-46mm-vien-titanium-day-the-thao;Disabled
Apple Watch Series 10 GPS + Cellular 42mm viền nhôm dây vải;;Yes;13290000;11590000;2025-12-22;"Khuyến mãi
Giá và khuyến mãi dự kiến áp dụng đến 23:00 | 31/12
1
Thu cũ Đổi mới: Giảm thêm đến 300.000đ (Không kèm ưu đãi thanh toán qua cổng, mua kèm) Xem chi tiết
2
Nhập mã VNPAYTGDD5 giảm 80,000đ (áp dụng tùy giá trị đơn hàng) khi thanh toán qua VNPAY-QR (Xem chi tiết tại đây)
3
Trả chậm 0% lãi suất. Đặc biệt giảm đến 10% tối đa 5 triệu khi thanh toán qua Kredivo (Xem chi tiết tại đây)
4
Nhận ngay 200.000đ hoàn tiền khi mở thẻ tín dụng TPBank EVO và chi tiêu từ 1 triệu đồng (Xem chi tiết tại đây)";;https://www.thegioididong.com/dong-ho-thong-minh/apple-watch-series-10-lte-42mm-day-vai;Disabled
Apple Watch Series 10 GPS + Cellular 46mm viền Titanium dây Milan;Titan vàng;Yes;22190000;17990000soc;2025-12-22;"Khuyến mãi
Giá và khuyến mãi có thể kết thúc sớm hơn dự kiến
1
Thu cũ Đổi mới: Giảm thêm đến 300.000đ (Không kèm ưu đãi thanh toán qua cổng, mua kèm) Xem chi tiết
2
Nhập mã VNPAYTGDD5 giảm 80,000đ (áp dụng tùy giá trị đơn hàng) khi thanh toán qua VNPAY-QR (Xem chi tiết tại đây)
3
Trả chậm 0% lãi suất. Đặc biệt giảm đến 10% tối đa 5 triệu khi thanh toán qua Kredivo (Xem chi tiết tại đây)
4
Nhận ngay 200.000đ hoàn tiền khi mở thẻ tín dụng TPBank EVO và chi tiêu từ 1 triệu đồng (Xem chi tiết tại đây)";;https://www.thegioididong.com/dong-ho-thong-minh/apple-watch-s10-lte-46mm-vien-titanium-day-thep;Disabled
Apple Watch Series 10 GPS 42mm viền nhôm dây vải;Bạc;Yes;10790000;7990000soc;2025-12-22;"Khuyến mãi
Giá và khuyến mãi có thể kết thúc sớm hơn dự kiến
1
Thu cũ Đổi mới: Giảm thêm đến 300.000đ (Không kèm ưu đãi thanh toán qua cổng, mua kèm) Xem chi tiết
2
Nhập mã VNPAYTGDD5 giảm 80,000đ (áp dụng tùy giá trị đơn hàng) khi thanh toán qua VNPAY-QR (Xem chi tiết tại đây)
3
Trả chậm 0% lãi suất. Đặc biệt giảm đến 10% tối đa 5 triệu khi thanh toán qua Kredivo (Xem chi tiết tại đây)
4
Nhận ngay 200.000đ hoàn tiền khi mở thẻ tín dụng TPBank EVO và chi tiêu từ 1 triệu đồng (Xem chi tiết tại đây)";;https://www.thegioididong.com/dong-ho-thong-minh/apple-watch-series-10-42mm-day-vai;Disabled
Apple Watch Series 11 GPS + Cellular 42mm viền Titanium dây Milan;Titan vàng;Yes;22490000;19590000;2025-12-22;"Khuyến mãi
Giá và khuyến mãi dự kiến áp dụng đến 23:59 | 27/12
1
Thu cũ Đổi mới: Giảm thêm đến 300.000đ (Không kèm ưu đãi thanh toán qua cổng, mua kèm) Xem chi tiết
2
Nhập mã VNPAYTGDD5 giảm 80,000đ (áp dụng tùy giá trị đơn hàng) khi thanh toán qua VNPAY-QR (Xem chi tiết tại đây)
3
Trả chậm 0% lãi suất. Đặc biệt giảm đến 10% tối đa 5 triệu khi thanh toán qua Kredivo (Xem chi tiết tại đây)
4
Nhận ngay 200.000đ hoàn tiền khi mở thẻ tín dụng TPBank EVO và chi tiêu từ 1 triệu đồng (Xem chi tiết tại đây)";;https://www.thegioididong.com/dong-ho-thong-minh/apple-watch-series-11-gps-cellular-42mm-vien-titanium-day-milan;Disabled
Apple Watch Series 11 GPS + Cellular 42mm viền nhôm dây thể thao;;Yes;14490000;12190000;2025-12-22;"Khuyến mãi
Giá và khuyến mãi dự kiến áp dụng đến 23:00 | 31/12
1
Thu cũ Đổi mới: Giảm thêm đến 300.000đ (Không kèm ưu đãi thanh toán qua cổng, mua kèm) Xem chi tiết
2
Nhập mã VNPAYTGDD5 giảm 80,000đ (áp dụng tùy giá trị đơn hàng) khi thanh toán qua VNPAY-QR (Xem chi tiết tại đây)
3
Trả chậm 0% lãi suất. Đặc biệt giảm đến 10% tối đa 5 triệu khi thanh toán qua Kredivo (Xem chi tiết tại đây)
4
Nhận ngay 200.000đ hoàn tiền khi mở thẻ tín dụng TPBank EVO và chi tiêu từ 1 triệu đồng (Xem chi tiết tại đây)";;https://www.thegioididong.com/dong-ho-thong-minh/apple-watch-series-11-gps-cellular-42mm-vien-nhom-day-the-thao;Disabled
Apple Watch Ultra 2 GPS + Cellular 49mm viền Titanium dây Ocean;;Yes;22590000;19690000;2025-12-22;"Khuyến mãi
Giá và khuyến mãi dự kiến áp dụng đến 23:00 | 31/12
1
Thu cũ Đổi mới: Giảm thêm đến 300.000đ (Không kèm ưu đãi thanh toán qua cổng, mua kèm) Xem chi tiết
2
Nhập mã VNPAYTGDD5 giảm 80,000đ (áp dụng tùy giá trị đơn hàng) khi thanh toán qua VNPAY-QR (Xem chi tiết tại đây)
3
Trả chậm 0% lãi suất. Đặc biệt giảm đến 10% tối đa 5 triệu khi thanh toán qua Kredivo (Xem chi tiết tại đây)
4
Nhận ngay 200.000đ hoàn tiền khi mở thẻ tín dụng TPBank EVO và chi tiêu từ 1 triệu đồng (Xem chi tiết tại đây)";;https://www.thegioididong.com/dong-ho-thong-minh/apple-watch-ultra-2-lte-49mm-vien-titanium-day-ocean;Disabled
Apple Watch Ultra 3 GPS + Cellular 49mm viền Titanium dây Milan;Titan đen;Yes;26990000;26290000;2025-12-22;"Khuyến mãi
Giá và khuyến mãi dự kiến áp dụng đến 23:00 | 31/12
1
Thu cũ Đổi mới: Giảm thêm đến 300.000đ (Không kèm ưu đãi thanh toán qua cổng, mua kèm) Xem chi tiết
2
Nhập mã VNPAYTGDD5 giảm 80,000đ (áp dụng tùy giá trị đơn hàng) khi thanh toán qua VNPAY-QR (Xem chi tiết tại đây)
3
Trả chậm 0% lãi suất. Đặc biệt giảm đến 10% tối đa 5 triệu khi thanh toán qua Kredivo (Xem chi tiết tại đây)
4
Nhận ngay 200.000đ hoàn tiền khi mở thẻ tín dụng TPBank EVO và chi tiêu từ 1 triệu đồng (Xem chi tiết tại đây)";;https://www.thegioididong.com/dong-ho-thong-minh/apple-watch-ultra-3-gps-cellular-49mm-vien-titanium-day-milan;Disabled
Apple Watch Ultra 3 GPS + Cellular 49mm viền Titanium dây Ocean;Titan đen;Yes;23990000;23190000;2025-12-22;"Khuyến mãi
Giá và khuyến mãi dự kiến áp dụng đến 23:00 | 31/12
1
Thu cũ Đổi mới: Giảm thêm đến 300.000đ (Không kèm ưu đãi thanh toán qua cổng, mua kèm) Xem chi tiết
2
Nhập mã VNPAYTGDD5 giảm 80,000đ (áp dụng tùy giá trị đơn hàng) khi thanh toán qua VNPAY-QR (Xem chi tiết tại đây)
3
Trả chậm 0% lãi suất. Đặc biệt giảm đến 10% tối đa 5 triệu khi thanh toán qua Kredivo (Xem chi tiết tại đây)
4
Nhận ngay 200.000đ hoàn tiền khi mở thẻ tín dụng TPBank EVO và chi tiêu từ 1 triệu đồng (Xem chi tiết tại đây)";;https://www.thegioididong.com/dong-ho-thong-minh/apple-watch-ultra-3-gps-cellular-49mm-vien-titanium-day-ocean;Disabled
Apple Watch Ultra 3 GPS + Cellular 49mm viền Titanium dây Alpine;Titan đen;Yes;23990000;23190000;2025-12-22;"Khuyến mãi
Giá và khuyến mãi dự kiến áp dụng đến 23:00 | 31/12
1
Thu cũ Đổi mới: Giảm thêm đến 300.000đ (Không kèm ưu đãi thanh toán qua cổng, mua kèm) Xem chi tiết
2
Nhập mã VNPAYTGDD5 giảm 80,000đ (áp dụng tùy giá trị đơn hàng) khi thanh toán qua VNPAY-QR (Xem chi tiết tại đây)
3
Trả chậm 0% lãi suất. Đặc biệt giảm đến 10% tối đa 5 triệu khi thanh toán qua Kredivo (Xem chi tiết tại đây)
4
Nhận ngay 200.000đ hoàn tiền khi mở thẻ tín dụng TPBank EVO và chi tiêu từ 1 triệu đồng (Xem chi tiết tại đây)";;https://www.thegioididong.com/dong-ho-thong-minh/apple-watch-ultra-3-gps-cellular-49mm-vien-titanium-day-alpine;Disabled
Apple Watch Ultra 2 GPS + Cellular 49mm viền Titanium đen dây Alpine;;Yes;22590000;19690000;2025-12-22;"Khuyến mãi
Giá và khuyến mãi dự kiến áp dụng đến 23:00 | 31/12
1
Thu cũ Đổi mới: Giảm thêm đến 300.000đ (Không kèm ưu đãi thanh toán qua cổng, mua kèm) Xem chi tiết
2
Nhập mã VNPAYTGDD5 giảm 80,000đ (áp dụng tùy giá trị đơn hàng) khi thanh toán qua VNPAY-QR (Xem chi tiết tại đây)
3
Trả chậm 0% lãi suất. Đặc biệt giảm đến 10% tối đa 5 triệu khi thanh toán qua Kredivo (Xem chi tiết tại đây)
4
Nhận ngay 200.000đ hoàn tiền khi mở thẻ tín dụng TPBank EVO và chi tiêu từ 1 triệu đồng (Xem chi tiết tại đây)";;https://www.thegioididong.com/dong-ho-thong-minh/apple-watch-ultra-2-gps-cellular-49mm-vien-titanium-den-day-alpine;Disabled
iPhone 13 128GB;Đen;Yes;13990000;12490000;2025-12-22;"Khuyến mãi
Giá và khuyến mãi dự kiến áp dụng đến 23:00 | 31/12
1
Tặng phiếu mua hàng Apple Watch trị giá 1,000,000đ
2
Tặng phiếu mua hàng Macbook trị giá 700,000đ
3
Tặng phiếu mua hàng AirPods trị giá 500,000đ
4
Tặng Phiếu mua hàng mua sạc dự phòng (trừ AVA+, Hydrus); đồng hồ thông minh (trừ Apple); Tai nghe bluetooth và Loa bluetooth các hãng JBL, Marshall,Harman Kardon; Ốp lưng (trừ Apple) trị giá 100.000đ
5
Thu cũ đổi mới: Giảm đến 2,000,000đ (Không kèm ưu đãi thanh toán qua cổng, mua kèm) Xem chi tiết
6
Nhập mã VNPAYTGDD5 giảm 80,000đ (áp dụng tùy giá trị đơn hàng) khi thanh toán qua VNPAY-QR (Xem chi tiết tại đây)
7
Trả chậm 0% lãi suất. Đặc biệt giảm đến 10% tối đa 5 triệu khi thanh toán qua Kredivo (Xem chi tiết tại đây)
8
Nhận ngay 200.000đ hoàn tiền khi mở thẻ tín dụng TPBank EVO và chi tiêu từ 1 triệu đồng (Xem chi tiết tại đây)";;https://www.thegioididong.com/dtdd/iphone-13;Disabled
Apple Watch Ultra 3 GPS + Cellular 49mm viền Titanium dây Trail;;Yes;23990000;23190000;2025-12-22;"Khuyến mãi
Giá và khuyến mãi dự kiến áp dụng đến 23:00 | 31/12
1
Thu cũ Đổi mới: Giảm thêm đến 300.000đ (Không kèm ưu đãi thanh toán qua cổng, mua kèm) Xem chi tiết
2
Nhập mã VNPAYTGDD5 giảm 80,000đ (áp dụng tùy giá trị đơn hàng) khi thanh toán qua VNPAY-QR (Xem chi tiết tại đây)
3
Trả chậm 0% lãi suất. Đặc biệt giảm đến 10% tối đa 5 triệu khi thanh toán qua Kredivo (Xem chi tiết tại đây)
4
Nhận ngay 200.000đ hoàn tiền khi mở thẻ tín dụng TPBank EVO và chi tiêu từ 1 triệu đồng (Xem chi tiết tại đây)";;https://www.thegioididong.com/dong-ho-thong-minh/apple-watch-ultra-3-gps-cellular-49mm-vien-titanium-day-trail;Disabled
Apple Watch SE 2 GPS 44mm viền nhôm dây thể thao;Bạc;No;0;0;2025-12-22;;;https://www.thegioididong.com/dong-ho-thong-minh/apple-watch-se-2-44mm-vien-nhom-day-silicone;Disabled
iPhone 14 128GB;Xanh Dương;Yes;16990000;13990000;2025-12-22;"Khuyến mãi
Giá và khuyến mãi dự kiến áp dụng đến 23:00 | 31/12
1
Tặng phiếu mua hàng Apple Watch trị giá 1,000,000đ
2
Tặng phiếu mua hàng Macbook trị giá 700,000đ
3
Tặng phiếu mua hàng AirPods trị giá 500,000đ
4
Tặng Phiếu mua hàng mua sạc dự phòng (trừ AVA+, Hydrus); đồng hồ thông minh (trừ Apple); Tai nghe bluetooth và Loa bluetooth các hãng JBL, Marshall,Harman Kardon; Ốp lưng (trừ Apple) trị giá 100.000đ
5
Thu cũ đổi mới: Giảm đến 2,000,000đ (Không kèm ưu đãi thanh toán qua cổng, mua kèm) Xem chi tiết
6
Nhập mã VNPAYTGDD5 giảm 80,000đ (áp dụng tùy giá trị đơn hàng) khi thanh toán qua VNPAY-QR (Xem chi tiết tại đây)
7
Trả chậm 0% lãi suất. Đặc biệt giảm đến 10% tối đa 5 triệu khi thanh toán qua Kredivo (Xem chi tiết tại đây)
8
Nhận ngay 200.000đ hoàn tiền khi mở thẻ tín dụng TPBank EVO và chi tiêu từ 1 triệu đồng (Xem chi tiết tại đây)";;https://www.thegioididong.com/dtdd/iphone-14;Disabled
iPhone 17 Pro 256GB;Cam Vũ Trụ;Yes;34990000;34690000soc;2025-12-22;"Khuyến mãi
Giá và khuyến mãi có thể kết thúc sớm hơn dự kiến
1
Tặng phiếu mua hàng Apple Watch trị giá 1,000,000đ
2
Tặng phiếu mua hàng Macbook trị giá 700,000đ
3
Tặng phiếu mua hàng AirPods trị giá 500,000đ
4
Tặng PMH Phụ kiện bảo vệ iPhone 17 (đơn trên 500.000đ, trừ hãng Apple/ Beats) trị giá 100.000đ
5
Nhập mã VNPAYTGDD5 giảm 80,000đ (áp dụng tùy giá trị đơn hàng) khi thanh toán qua VNPAY-QR (Xem chi tiết tại đây)
6
Trả chậm 0% lãi suất. Đặc biệt giảm đến 10% tối đa 5 triệu khi thanh toán qua Kredivo (Xem chi tiết tại đây)
7
Nhận ngay 200.000đ hoàn tiền khi mở thẻ tín dụng TPBank EVO và chi tiêu từ 1 triệu đồng (Xem chi tiết tại đây)";"Ưu đãi thanh toán Online (Click chọn để áp dụng)
Giảm 250.000đ
Áp dụng sản phẩm từ 5.000.000đ trở lên.
?
Giảm 2.000.000đ
Sản phẩm iPhone 17 và iPhone Air
?
Giảm 500.000đ
Áp dụng sản phẩm từ 5.000.000đ trở lên.
?
Giảm 1.500.000đ
Sản phẩm iPhone 17 và iPhone Air
?";https://www.thegioididong.com/dtdd/iphone-17-pro;Disabled
iPhone 16 Pro Max 256GB;Titan Sa Mạc;Yes;33990000;31290000soc;2025-12-22;"Khuyến mãi
Giá và khuyến mãi có thể kết thúc sớm hơn dự kiến
1
Tặng phiếu mua hàng Apple Watch trị giá 1,000,000đ
2
Tặng phiếu mua hàng Macbook trị giá 700,000đ
3
Tặng phiếu mua hàng AirPods trị giá 500,000đ
4
Nhập mã VNPAYTGDD5 giảm 80,000đ (áp dụng tùy giá trị đơn hàng) khi thanh toán qua VNPAY-QR (Xem chi tiết tại đây)
5
Trả chậm 0% lãi suất. Đặc biệt giảm đến 10% tối đa 5 triệu khi thanh toán qua Kredivo (Xem chi tiết tại đây)
6
Nhận ngay 200.000đ hoàn tiền khi mở thẻ tín dụng TPBank EVO và chi tiêu từ 1 triệu đồng (Xem chi tiết tại đây)";;https://www.thegioididong.com/dtdd/iphone-16-pro-max;Disabled
iPhone 16e 128GB;Đen;Yes;16990000;15190000soc;2025-12-22;"Khuyến mãi
Giá và khuyến mãi có thể kết thúc sớm hơn dự kiến
1
Tặng phiếu mua hàng Apple Watch trị giá 1,000,000đ
2
Tặng phiếu mua hàng Macbook trị giá 700,000đ
3
Tặng phiếu mua hàng AirPods trị giá 500,000đ
4
Nhập mã VNPAYTGDD5 giảm 80,000đ (áp dụng tùy giá trị đơn hàng) khi thanh toán qua VNPAY-QR (Xem chi tiết tại đây)
5
Trả chậm 0% lãi suất. Đặc biệt giảm đến 10% tối đa 5 triệu khi thanh toán qua Kredivo (Xem chi tiết tại đây)
6
Nhận ngay 200.000đ hoàn tiền khi mở thẻ tín dụng TPBank EVO và chi tiêu từ 1 triệu đồng (Xem chi tiết tại đây)";;https://www.thegioididong.com/dtdd/iphone-16e;Disabled
iPhone 16 128GB;Xanh Lưu Ly;Yes;21990000;21190000soc;2025-12-22;"Khuyến mãi
Giá và khuyến mãi có thể kết thúc sớm hơn dự kiến
1
Tặng phiếu mua hàng Apple Watch trị giá 1,000,000đ
2
Tặng phiếu mua hàng Macbook trị giá 700,000đ
3
Tặng phiếu mua hàng AirPods trị giá 500,000đ
4
Nhập mã VNPAYTGDD5 giảm 80,000đ (áp dụng tùy giá trị đơn hàng) khi thanh toán qua VNPAY-QR (Xem chi tiết tại đây)
5
Trả chậm 0% lãi suất. Đặc biệt giảm đến 10% tối đa 5 triệu khi thanh toán qua Kredivo (Xem chi tiết tại đây)
6
Nhận ngay 200.000đ hoàn tiền khi mở thẻ tín dụng TPBank EVO và chi tiêu từ 1 triệu đồng (Xem chi tiết tại đây)";;https://www.thegioididong.com/dtdd/iphone-16;Disabled
iPhone 15 128GB;Xanh dương nhạt;Yes;18990000;17290000soc;2025-12-22;"Khuyến mãi
Giá và khuyến mãi có thể kết thúc sớm hơn dự kiến
1
Tặng phiếu mua hàng Apple Watch trị giá 1,000,000đ
2
Tặng phiếu mua hàng Macbook trị giá 700,000đ
3
Tặng phiếu mua hàng AirPods trị giá 500,000đ
4
Nhập mã VNPAYTGDD5 giảm 80,000đ (áp dụng tùy giá trị đơn hàng) khi thanh toán qua VNPAY-QR (Xem chi tiết tại đây)
5
Trả chậm 0% lãi suất. Đặc biệt giảm đến 10% tối đa 5 triệu khi thanh toán qua Kredivo (Xem chi tiết tại đây)
6
Nhận ngay 200.000đ hoàn tiền khi mở thẻ tín dụng TPBank EVO và chi tiêu từ 1 triệu đồng (Xem chi tiết tại đây)";;https://www.thegioididong.com/dtdd/iphone-15;Disabled
iPhone 16 Plus 128GB;Trắng;Yes;25990000;24890000soc;2025-12-22;"Khuyến mãi
Giá và khuyến mãi có thể kết thúc sớm hơn dự kiến
1
Tặng phiếu mua hàng Apple Watch trị giá 1,000,000đ
2
Tặng phiếu mua hàng Macbook trị giá 700,000đ
3
Tặng phiếu mua hàng AirPods trị giá 500,000đ
4
Nhập mã VNPAYTGDD5 giảm 80,000đ (áp dụng tùy giá trị đơn hàng) khi thanh toán qua VNPAY-QR (Xem chi tiết tại đây)
5
Trả chậm 0% lãi suất. Đặc biệt giảm đến 10% tối đa 5 triệu khi thanh toán qua Kredivo (Xem chi tiết tại đây)
6
Nhận ngay 200.000đ hoàn tiền khi mở thẻ tín dụng TPBank EVO và chi tiêu từ 1 triệu đồng (Xem chi tiết tại đây)";;https://www.thegioididong.com/dtdd/iphone-16-plus;Disabled
iPhone 16 Pro 128GB;Titan Sa Mạc;Yes;27990000;25590000;2025-12-22;"Khuyến mãi
Giá và khuyến mãi dự kiến áp dụng đến 23:00 | 31/12
1
Tặng phiếu mua hàng Apple Watch trị giá 1,000,000đ
2
Tặng phiếu mua hàng Macbook trị giá 700,000đ
3
Tặng phiếu mua hàng AirPods trị giá 500,000đ
4
Tặng Phiếu mua hàng mua sạc dự phòng (trừ AVA+, Hydrus); đồng hồ thông minh (trừ Apple); Tai nghe bluetooth và Loa bluetooth các hãng JBL, Marshall,Harman Kardon; Ốp lưng (trừ Apple) trị giá 100.000đ
5
Thu cũ đổi mới: Giảm đến 2,000,000đ (Không kèm ưu đãi thanh toán qua cổng, mua kèm) Xem chi tiết
6
Nhập mã VNPAYTGDD5 giảm 80,000đ (áp dụng tùy giá trị đơn hàng) khi thanh toán qua VNPAY-QR (Xem chi tiết tại đây)
7
Trả chậm 0% lãi suất. Đặc biệt giảm đến 10% tối đa 5 triệu khi thanh toán qua Kredivo (Xem chi tiết tại đây)
8
Nhận ngay 200.000đ hoàn tiền khi mở thẻ tín dụng TPBank EVO và chi tiêu từ 1 triệu đồng (Xem chi tiết tại đây)";;https://www.thegioididong.com/dtdd/iphone-16-pro;Disabled
iPhone 15 Plus 128GB;Xanh dương nhạt;Yes;21990000;19590000;2025-12-22;"Khuyến mãi
Giá và khuyến mãi dự kiến áp dụng đến 23:00 | 31/12
1
Tặng phiếu mua hàng Apple Watch trị giá 1,000,000đ
2
Tặng phiếu mua hàng Macbook trị giá 700,000đ
3
Tặng phiếu mua hàng AirPods trị giá 500,000đ
4
Tặng Phiếu mua hàng mua sạc dự phòng (trừ AVA+, Hydrus); đồng hồ thông minh (trừ Apple); Tai nghe bluetooth và Loa bluetooth các hãng JBL, Marshall,Harman Kardon; Ốp lưng (trừ Apple) trị giá 100.000đ
5
Thu cũ đổi mới: Giảm đến 2,000,000đ (Không kèm ưu đãi thanh toán qua cổng, mua kèm) Xem chi tiết
6
Nhập mã VNPAYTGDD5 giảm 80,000đ (áp dụng tùy giá trị đơn hàng) khi thanh toán qua VNPAY-QR (Xem chi tiết tại đây)
7
Trả chậm 0% lãi suất. Đặc biệt giảm đến 10% tối đa 5 triệu khi thanh toán qua Kredivo (Xem chi tiết tại đây)
8
Nhận ngay 200.000đ hoàn tiền khi mở thẻ tín dụng TPBank EVO và chi tiêu từ 1 triệu đồng (Xem chi tiết tại đây)";;https://www.thegioididong.com/dtdd/iphone-15-plus;Disabled
iPhone 17 Pro Max 256GB;Bạc;Yes;37990000;37990000;2025-12-22;"Khuyến mãi
Giá và khuyến mãi dự kiến áp dụng đến 23:00 | 31/12
1
Tặng phiếu mua hàng Apple Watch trị giá 1,000,000đ
2
Tặng phiếu mua hàng Macbook trị giá 700,000đ
3
Tặng phiếu mua hàng AirPods trị giá 500,000đ
4
Tặng PMH Phụ kiện bảo vệ iPhone 17 (đơn trên 500.000đ, trừ hãng Apple/ Beats) trị giá 100.000đ
5
Thu cũ đổi mới: Giảm đến 3,000,000đ (Không kèm ưu đãi thanh toán qua cổng, mua kèm) Xem chi tiết
6
Nhập mã VNPAYTGDD5 giảm 80,000đ (áp dụng tùy giá trị đơn hàng) khi thanh toán qua VNPAY-QR (Xem chi tiết tại đây)
7
Trả chậm 0% lãi suất. Đặc biệt giảm đến 10% tối đa 5 triệu khi thanh toán qua Kredivo (Xem chi tiết tại đây)
8
Nhận ngay 200.000đ hoàn tiền khi mở thẻ tín dụng TPBank EVO và chi tiêu từ 1 triệu đồng (Xem chi tiết tại đây)";;https://www.thegioididong.com/dtdd/iphone-17-pro-max;Disabled
iPhone 17 256GB;Tím Oải Hương;Yes;24990000;24990000;2025-12-22;"Khuyến mãi
Giá và khuyến mãi dự kiến áp dụng đến 23:00 | 31/12
1
Tặng phiếu mua hàng Apple Watch trị giá 1,000,000đ
2
Tặng phiếu mua hàng Macbook trị giá 700,000đ
3
Tặng phiếu mua hàng AirPods trị giá 500,000đ
4
Tặng PMH Phụ kiện bảo vệ iPhone 17 (đơn trên 500.000đ, trừ hãng Apple/ Beats) trị giá 100.000đ
5
Thu cũ đổi mới: Giảm đến 3,000,000đ (Không kèm ưu đãi thanh toán qua cổng, mua kèm) Xem chi tiết
6
Nhập mã VNPAYTGDD5 giảm 80,000đ (áp dụng tùy giá trị đơn hàng) khi thanh toán qua VNPAY-QR (Xem chi tiết tại đây)
7
Trả chậm 0% lãi suất. Đặc biệt giảm đến 10% tối đa 5 triệu khi thanh toán qua Kredivo (Xem chi tiết tại đây)
8
Nhận ngay 200.000đ hoàn tiền khi mở thẻ tín dụng TPBank EVO và chi tiêu từ 1 triệu đồng (Xem chi tiết tại đây)";;https://www.thegioididong.com/dtdd/iphone-17;Disabled
iPhone Air 256GB;Xanh da trời;Yes;31990000;30890000soc;2025-12-22;"Khuyến mãi
Giá và khuyến mãi có thể kết thúc sớm hơn dự kiến
1
Tặng phiếu mua hàng Apple Watch trị giá 1,000,000đ
2
Tặng phiếu mua hàng Macbook trị giá 700,000đ
3
Tặng phiếu mua hàng AirPods trị giá 500,000đ
4
Tặng PMH Phụ kiện bảo vệ iPhone 17 (đơn trên 500.000đ, trừ hãng Apple/ Beats) trị giá 100.000đ
5
Nhập mã VNPAYTGDD5 giảm 80,000đ (áp dụng tùy giá trị đơn hàng) khi thanh toán qua VNPAY-QR (Xem chi tiết tại đây)
6
Trả chậm 0% lãi suất. Đặc biệt giảm đến 10% tối đa 5 triệu khi thanh toán qua Kredivo (Xem chi tiết tại đây)
7
Nhận ngay 200.000đ hoàn tiền khi mở thẻ tín dụng TPBank EVO và chi tiêu từ 1 triệu đồng (Xem chi tiết tại đây)";"Ưu đãi thanh toán Online (Click chọn để áp dụng)
Giảm 250.000đ
Áp dụng sản phẩm từ 5.000.000đ trở lên.
?
Giảm 2.000.000đ
Sản phẩm iPhone 17 và iPhone Air
?
Giảm 500.000đ
Áp dụng sản phẩm từ 5.000.000đ trở lên.
?
Giảm 1.500.000đ
Sản phẩm iPhone 17 và iPhone Air
?";https://www.thegioididong.com/dtdd/iphone-air;Disabled
Laptop MacBook Air 13 inch M2 16GB/256GB;Xanh đen;Yes;24490000;19690000;2025-12-22;"Khuyến mãi trị giá 800.000₫
Giá và khuyến mãi dự kiến áp dụng đến 23:59 | 27/12
1
Phiếu mua hàng Chuột, Bàn phím (Apple) trị giá 500,000đ
2
Tặng Phiếu mua hàng Balo, Túi chống sốc (giá trị trên 1,000,000đ) trị giá 300,000đ
3
Tặng Phiếu mua hàng trị giá 300.000đ Áp dụng mua Máy in
4
Tặng Phiếu mua hàng Màn hình máy tính trị giá 300.000đ
5
Nhập mã VNPAYTGDD5 giảm 80,000đ (áp dụng tùy giá trị đơn hàng) khi thanh toán qua VNPAY-QR (Xem chi tiết tại đây)
6
Trả chậm 0% lãi suất. Đặc biệt giảm đến 10% tối đa 5 triệu khi thanh toán qua Kredivo (Xem chi tiết tại đây)
7
Nhận ngay 200.000đ hoàn tiền khi mở thẻ tín dụng TPBank EVO và chi tiêu từ 1 triệu đồng (Xem chi tiết tại đây)";;https://www.thegioididong.com/laptop/apple-macbook-air-m2-2022-16gb-256gb;Disabled
Laptop MacBook Air 13 inch M4 16GB/256GB Sạc 70W;Vàng;Yes;27090000;25790000;2025-12-22;"Khuyến mãi trị giá 800.000₫
Giá và khuyến mãi dự kiến áp dụng đến 23:59 | 27/12
1
Phiếu mua hàng Chuột, Bàn phím (Apple) trị giá 500,000đ
2
Tặng Phiếu mua hàng Balo, Túi chống sốc (giá trị trên 1,000,000đ) trị giá 300,000đ
3
Tặng Phiếu mua hàng trị giá 300.000đ Áp dụng mua Máy in
4
Tặng Phiếu mua hàng Màn hình máy tính trị giá 300.000đ
5
Nhập mã VNPAYTGDD5 giảm 80,000đ (áp dụng tùy giá trị đơn hàng) khi thanh toán qua VNPAY-QR (Xem chi tiết tại đây)
6
Trả chậm 0% lãi suất. Đặc biệt giảm đến 10% tối đa 5 triệu khi thanh toán qua Kredivo (Xem chi tiết tại đây)
7
Nhận ngay 200.000đ hoàn tiền khi mở thẻ tín dụng TPBank EVO và chi tiêu từ 1 triệu đồng (Xem chi tiết tại đây)";;https://www.thegioididong.com/laptop/macbook-air-13-inch-m4-16gb-256gb-sac-70w;Disabled
Laptop MacBook Air 13 inch M4 16GB/256GB;Xanh đen;Yes;26490000;25290000;2025-12-22;"Khuyến mãi trị giá 800.000₫
Giá và khuyến mãi dự kiến áp dụng đến 23:59 | 27/12
1
Phiếu mua hàng Chuột, Bàn phím (Apple) trị giá 500,000đ
2
Tặng Phiếu mua hàng Balo, Túi chống sốc (giá trị trên 1,000,000đ) trị giá 300,000đ
3
Tặng Phiếu mua hàng trị giá 300.000đ Áp dụng mua Máy in
4
Tặng Phiếu mua hàng Màn hình máy tính trị giá 300.000đ
5
Nhập mã VNPAYTGDD5 giảm 80,000đ (áp dụng tùy giá trị đơn hàng) khi thanh toán qua VNPAY-QR (Xem chi tiết tại đây)
6
Trả chậm 0% lãi suất. Đặc biệt giảm đến 10% tối đa 5 triệu khi thanh toán qua Kredivo (Xem chi tiết tại đây)
7
Nhận ngay 200.000đ hoàn tiền khi mở thẻ tín dụng TPBank EVO và chi tiêu từ 1 triệu đồng (Xem chi tiết tại đây)";;https://www.thegioididong.com/laptop/macbook-air-13-inch-m4-16gb-256gb;Disabled
Laptop MacBook Air 13 inch M4 32GB/256GB;Xanh da trời nhạt;Yes;36290000;33990000;2025-12-22;"Khuyến mãi trị giá 800.000₫
Giá và khuyến mãi dự kiến áp dụng đến 23:59 | 27/12
1
Phiếu mua hàng Chuột, Bàn phím (Apple) trị giá 500,000đ
2
Tặng Phiếu mua hàng Balo, Túi chống sốc (giá trị trên 1,000,000đ) trị giá 300,000đ
3
Tặng Phiếu mua hàng trị giá 300.000đ Áp dụng mua Máy in
4
Tặng Phiếu mua hàng Màn hình máy tính trị giá 300.000đ
5
Nhập mã VNPAYTGDD5 giảm 80,000đ (áp dụng tùy giá trị đơn hàng) khi thanh toán qua VNPAY-QR (Xem chi tiết tại đây)
6
Trả chậm 0% lãi suất. Đặc biệt giảm đến 10% tối đa 5 triệu khi thanh toán qua Kredivo (Xem chi tiết tại đây)
7
Nhận ngay 200.000đ hoàn tiền khi mở thẻ tín dụng TPBank EVO và chi tiêu từ 1 triệu đồng (Xem chi tiết tại đây)";;https://www.thegioididong.com/laptop/macbook-air-13-inch-m4-32gb-256gb;Disabled
Laptop MacBook Air 13 inch M4 24GB/256GB;Xanh da trời nhạt;Yes;31390000;30390000;2025-12-22;"Khuyến mãi trị giá 800.000₫
Giá và khuyến mãi dự kiến áp dụng đến 23:59 | 27/12
1
Phiếu mua hàng Chuột, Bàn phím (Apple) trị giá 500,000đ
2
Tặng Phiếu mua hàng Balo, Túi chống sốc (giá trị trên 1,000,000đ) trị giá 300,000đ
3
Tặng Phiếu mua hàng trị giá 300.000đ Áp dụng mua Máy in
4
Tặng Phiếu mua hàng Màn hình máy tính trị giá 300.000đ
5
Nhập mã VNPAYTGDD5 giảm 80,000đ (áp dụng tùy giá trị đơn hàng) khi thanh toán qua VNPAY-QR (Xem chi tiết tại đây)
6
Trả chậm 0% lãi suất. Đặc biệt giảm đến 10% tối đa 5 triệu khi thanh toán qua Kredivo (Xem chi tiết tại đây)
7
Nhận ngay 200.000đ hoàn tiền khi mở thẻ tín dụng TPBank EVO và chi tiêu từ 1 triệu đồng (Xem chi tiết tại đây)";;https://www.thegioididong.com/laptop/macbook-air-13-inch-m4-24gb-256gb;Disabled
Laptop MacBook Air 15 inch M4 16GB/256GB;Vàng;Yes;31390000;29990000;2025-12-22;"Khuyến mãi trị giá 800.000₫
Giá và khuyến mãi dự kiến áp dụng đến 23:59 | 27/12
1
Phiếu mua hàng Chuột, Bàn phím (Apple) trị giá 500,000đ
2
Tặng Phiếu mua hàng Balo, Túi chống sốc (giá trị trên 1,000,000đ) trị giá 300,000đ
3
Tặng Phiếu mua hàng trị giá 300.000đ Áp dụng mua Máy in
4
Tặng Phiếu mua hàng Màn hình máy tính trị giá 300.000đ
5
Nhập mã VNPAYTGDD5 giảm 80,000đ (áp dụng tùy giá trị đơn hàng) khi thanh toán qua VNPAY-QR (Xem chi tiết tại đây)
6
Trả chậm 0% lãi suất. Đặc biệt giảm đến 10% tối đa 5 triệu khi thanh toán qua Kredivo (Xem chi tiết tại đây)
7
Nhận ngay 200.000đ hoàn tiền khi mở thẻ tín dụng TPBank EVO và chi tiêu từ 1 triệu đồng (Xem chi tiết tại đây)";;https://www.thegioididong.com/laptop/macbook-air-15-inch-m4-16gb-256gb;Disabled
Laptop MacBook Pro 14 inch M4 Pro 24GB/512GB;Đen;Yes;51990000;49990000;2025-12-22;"Khuyến mãi trị giá 800.000₫
Giá và khuyến mãi dự kiến áp dụng đến 23:59 | 27/12
1
Phiếu mua hàng Chuột, Bàn phím (Apple) trị giá 500,000đ
2
Tặng Phiếu mua hàng Balo, Túi chống sốc (giá trị trên 1,000,000đ) trị giá 300,000đ
3
Tặng Phiếu mua hàng trị giá 300.000đ Áp dụng mua Máy in
4
Tặng Phiếu mua hàng Màn hình máy tính trị giá 300.000đ
5
Nhập mã VNPAYTGDD5 giảm 80,000đ (áp dụng tùy giá trị đơn hàng) khi thanh toán qua VNPAY-QR (Xem chi tiết tại đây)
6
Trả chậm 0% lãi suất. Đặc biệt giảm đến 10% tối đa 5 triệu khi thanh toán qua Kredivo (Xem chi tiết tại đây)
7
Nhận ngay 200.000đ hoàn tiền khi mở thẻ tín dụng TPBank EVO và chi tiêu từ 1 triệu đồng (Xem chi tiết tại đây)";;https://www.thegioididong.com/laptop/macbook-pro-14-inch-m4-pro-24gb-512gb;Disabled
Laptop MacBook Air 15 inch M4 24GB/512GB;Vàng;Yes;41190000;39490000;2025-12-22;"Khuyến mãi trị giá 800.000₫
Giá và khuyến mãi dự kiến áp dụng đến 23:59 | 27/12
1
Phiếu mua hàng Chuột, Bàn phím (Apple) trị giá 500,000đ
2
Tặng Phiếu mua hàng Balo, Túi chống sốc (giá trị trên 1,000,000đ) trị giá 300,000đ
3
Tặng Phiếu mua hàng trị giá 300.000đ Áp dụng mua Máy in
4
Tặng Phiếu mua hàng Màn hình máy tính trị giá 300.000đ
5
Nhập mã VNPAYTGDD5 giảm 80,000đ (áp dụng tùy giá trị đơn hàng) khi thanh toán qua VNPAY-QR (Xem chi tiết tại đây)
6
Trả chậm 0% lãi suất. Đặc biệt giảm đến 10% tối đa 5 triệu khi thanh toán qua Kredivo (Xem chi tiết tại đây)
7
Nhận ngay 200.000đ hoàn tiền khi mở thẻ tín dụng TPBank EVO và chi tiêu từ 1 triệu đồng (Xem chi tiết tại đây)";;https://www.thegioididong.com/laptop/macbook-air-15-inch-m4-24gb-512gb;Disabled
Laptop MacBook Pro 14 inch M5 16GB/512GB;Bạc;Yes;41990000;41990000;2025-12-22;"Khuyến mãi trị giá 800.000₫
Giá và khuyến mãi dự kiến áp dụng đến 23:59 | 27/12
1
Phiếu mua hàng Chuột, Bàn phím (Apple) trị giá 500,000đ
2
Tặng Phiếu mua hàng Balo, Túi chống sốc (giá trị trên 1,000,000đ) trị giá 300,000đ
3
Tặng Phiếu mua hàng trị giá 300.000đ Áp dụng mua Máy in
4
Tặng Phiếu mua hàng Màn hình máy tính trị giá 300.000đ
5
Nhập mã VNPAYTGDD5 giảm 80,000đ (áp dụng tùy giá trị đơn hàng) khi thanh toán qua VNPAY-QR (Xem chi tiết tại đây)
6
Trả chậm 0% lãi suất. Đặc biệt giảm đến 10% tối đa 5 triệu khi thanh toán qua Kredivo (Xem chi tiết tại đây)
7
Nhận ngay 200.000đ hoàn tiền khi mở thẻ tín dụng TPBank EVO và chi tiêu từ 1 triệu đồng (Xem chi tiết tại đây)";;https://www.thegioididong.com/laptop/macbook-pro-14-inch-m5-16gb-512gb;Disabled
iPad Pro M4 13 inch 5G 256GB;Đen;Yes;42690000;39990000;2025-12-22;"Khuyến mãi
Giá và khuyến mãi dự kiến áp dụng đến 23:59 | 27/12
1
Tặng Phiếu mua hàng mua Balo; Túi Chống sốc; Ốp lưng; KBV Camera; Sạc dự phòng (trừ AVA+, Hydrus); nhóm Tai nghe bluetooth, Loa Bluetooth các hãng JBL, Marshall,Harman Kardon; đồng hồ thông minh (trừ Apple) trị giá 100.000đ
2
Thu cũ đổi mới: Giảm đến 2,000,000đ (Không kèm ưu đãi thanh toán qua cổng, mua kèm) Xem chi tiết
3
Nhập mã VNPAYTGDD5 giảm 80,000đ (áp dụng tùy giá trị đơn hàng) khi thanh toán qua VNPAY-QR (Xem chi tiết tại đây)
4
Trả chậm 0% lãi suất. Đặc biệt giảm đến 10% tối đa 5 triệu khi thanh toán qua Kredivo (Xem chi tiết tại đây)
5
Nhận ngay 200.000đ hoàn tiền khi mở thẻ tín dụng TPBank EVO và chi tiêu từ 1 triệu đồng (Xem chi tiết tại đây)";;https://www.thegioididong.com/may-tinh-bang/ipad-pro-m4-13-inch-wifi-cellular-256gb?utm_flashsale=1;Disabled
Laptop MacBook Pro 16 inch M4 Pro 48GB/1TB;Bạc;Yes;81690000;79090000;2025-12-22;"Khuyến mãi trị giá 800.000₫
Giá và khuyến mãi dự kiến áp dụng đến 23:59 | 27/12
1
Phiếu mua hàng Chuột, Bàn phím (Apple) trị giá 500,000đ
2
Tặng Phiếu mua hàng Balo, Túi chống sốc (giá trị trên 1,000,000đ) trị giá 300,000đ
3
Tặng Phiếu mua hàng trị giá 300.000đ Áp dụng mua Máy in
4
Tặng Phiếu mua hàng Màn hình máy tính trị giá 300.000đ
5
Nhập mã VNPAYTGDD5 giảm 80,000đ (áp dụng tùy giá trị đơn hàng) khi thanh toán qua VNPAY-QR (Xem chi tiết tại đây)
6
Trả chậm 0% lãi suất. Đặc biệt giảm đến 10% tối đa 5 triệu khi thanh toán qua Kredivo (Xem chi tiết tại đây)
7
Nhận ngay 200.000đ hoàn tiền khi mở thẻ tín dụng TPBank EVO và chi tiêu từ 1 triệu đồng (Xem chi tiết tại đây)";;https://www.thegioididong.com/laptop/macbook-pro-16-inch-m4-pro-48gb-1tb;Disabled
iPad Air M3 13 inch 5G 128GB;Tím;Yes;26190000;23390000;2025-12-22;"Khuyến mãi
Giá và khuyến mãi dự kiến áp dụng đến 23:59 | 27/12
1
Tặng Phiếu mua hàng mua Balo; Túi Chống sốc; Ốp lưng; KBV Camera; Sạc dự phòng (trừ AVA+, Hydrus); nhóm Tai nghe bluetooth, Loa Bluetooth các hãng JBL, Marshall,Harman Kardon; đồng hồ thông minh (trừ Apple) trị giá 100.000đ
2
Thu cũ đổi mới: Giảm đến 2,000,000đ (Không kèm ưu đãi thanh toán qua cổng, mua kèm) Xem chi tiết
3
Nhập mã VNPAYTGDD5 giảm 80,000đ (áp dụng tùy giá trị đơn hàng) khi thanh toán qua VNPAY-QR (Xem chi tiết tại đây)
4
Trả chậm 0% lãi suất. Đặc biệt giảm đến 10% tối đa 5 triệu khi thanh toán qua Kredivo (Xem chi tiết tại đây)
5
Nhận ngay 200.000đ hoàn tiền khi mở thẻ tín dụng TPBank EVO và chi tiêu từ 1 triệu đồng (Xem chi tiết tại đây)";;https://www.thegioididong.com/may-tinh-bang/ipad-air-m3-13-inch-5g-128gb;Disabled
iPad mini 7 5G 128GB;Trắng Starlight;Yes;17890000;15690000;2025-12-22;"Khuyến mãi
Giá và khuyến mãi dự kiến áp dụng đến 23:59 | 27/12
1
Tặng Phiếu mua hàng mua Balo; Túi Chống sốc; Ốp lưng; KBV Camera; Sạc dự phòng (trừ AVA+, Hydrus); nhóm Tai nghe bluetooth, Loa Bluetooth các hãng JBL, Marshall,Harman Kardon; đồng hồ thông minh (trừ Apple) trị giá 100.000đ
2
Thu cũ đổi mới: Giảm đến 2,000,000đ (Không kèm ưu đãi thanh toán qua cổng, mua kèm) Xem chi tiết
3
Nhập mã VNPAYTGDD5 giảm 80,000đ (áp dụng tùy giá trị đơn hàng) khi thanh toán qua VNPAY-QR (Xem chi tiết tại đây)
4
Trả chậm 0% lãi suất. Đặc biệt giảm đến 10% tối đa 5 triệu khi thanh toán qua Kredivo (Xem chi tiết tại đây)
5
Nhận ngay 200.000đ hoàn tiền khi mở thẻ tín dụng TPBank EVO và chi tiêu từ 1 triệu đồng (Xem chi tiết tại đây)";;https://www.thegioididong.com/may-tinh-bang/ipad-mini-7-5g;Disabled
iPad A16 5G 128GB;Vàng;Yes;13990000;12990000;2025-12-22;"Khuyến mãi
Giá và khuyến mãi dự kiến áp dụng đến 23:59 | 27/12
1
Tặng Phiếu mua hàng mua Balo; Túi Chống sốc; Ốp lưng; KBV Camera; Sạc dự phòng (trừ AVA+, Hydrus); nhóm Tai nghe bluetooth, Loa Bluetooth các hãng JBL, Marshall,Harman Kardon; đồng hồ thông minh (trừ Apple) trị giá 100.000đ
2
Thu cũ đổi mới: Giảm đến 2,000,000đ (Không kèm ưu đãi thanh toán qua cổng, mua kèm) Xem chi tiết
3
Nhập mã VNPAYTGDD5 giảm 80,000đ (áp dụng tùy giá trị đơn hàng) khi thanh toán qua VNPAY-QR (Xem chi tiết tại đây)
4
Trả chậm 0% lãi suất. Đặc biệt giảm đến 10% tối đa 5 triệu khi thanh toán qua Kredivo (Xem chi tiết tại đây)
5
Nhận ngay 200.000đ hoàn tiền khi mở thẻ tín dụng TPBank EVO và chi tiêu từ 1 triệu đồng (Xem chi tiết tại đây)";;https://www.thegioididong.com/may-tinh-bang/ipad-11-5g-128gb;Disabled
iPad Air M3 11 inch 5G 128GB;Đen - Xám;Yes;20790000;17590000;2025-12-22;"Khuyến mãi
Giá và khuyến mãi dự kiến áp dụng đến 23:59 | 27/12
1
Tặng Phiếu mua hàng mua Balo; Túi Chống sốc; Ốp lưng; KBV Camera; Sạc dự phòng (trừ AVA+, Hydrus); nhóm Tai nghe bluetooth, Loa Bluetooth các hãng JBL, Marshall,Harman Kardon; đồng hồ thông minh (trừ Apple) trị giá 100.000đ
2
Thu cũ đổi mới: Giảm đến 2,000,000đ (Không kèm ưu đãi thanh toán qua cổng, mua kèm) Xem chi tiết
3
Nhập mã VNPAYTGDD5 giảm 80,000đ (áp dụng tùy giá trị đơn hàng) khi thanh toán qua VNPAY-QR (Xem chi tiết tại đây)
4
Trả chậm 0% lãi suất. Đặc biệt giảm đến 10% tối đa 5 triệu khi thanh toán qua Kredivo (Xem chi tiết tại đây)
5
Nhận ngay 200.000đ hoàn tiền khi mở thẻ tín dụng TPBank EVO và chi tiêu từ 1 triệu đồng (Xem chi tiết tại đây)";;https://www.thegioididong.com/may-tinh-bang/ipad-air-m3-11-inch-5g-128gb;Disabled
iPad mini 7 WiFi 128GB;Tím;Yes;13790000;11790000;2025-12-22;"Khuyến mãi
Giá và khuyến mãi dự kiến áp dụng đến 23:59 | 27/12
1
Tặng Phiếu mua hàng mua Balo; Túi Chống sốc; Ốp lưng; KBV Camera; Sạc dự phòng (trừ AVA+, Hydrus); nhóm Tai nghe bluetooth, Loa Bluetooth các hãng JBL, Marshall,Harman Kardon; đồng hồ thông minh (trừ Apple) trị giá 100.000đ
2
Thu cũ đổi mới: Giảm đến 2,000,000đ (Không kèm ưu đãi thanh toán qua cổng, mua kèm) Xem chi tiết
3
Nhập mã VNPAYTGDD5 giảm 80,000đ (áp dụng tùy giá trị đơn hàng) khi thanh toán qua VNPAY-QR (Xem chi tiết tại đây)
4
Trả chậm 0% lãi suất. Đặc biệt giảm đến 10% tối đa 5 triệu khi thanh toán qua Kredivo (Xem chi tiết tại đây)
5
Nhận ngay 200.000đ hoàn tiền khi mở thẻ tín dụng TPBank EVO và chi tiêu từ 1 triệu đồng (Xem chi tiết tại đây)";;https://www.thegioididong.com/may-tinh-bang/ipad-mini-7-wifi;Disabled
iPad A16 WiFi 128GB;Bạc;Yes;9790000;8690000soc;2025-12-22;"Khuyến mãi
Giá và khuyến mãi có thể kết thúc sớm hơn dự kiến
1
Nhập mã VNPAYTGDD5 giảm 80,000đ (áp dụng tùy giá trị đơn hàng) khi thanh toán qua VNPAY-QR (Xem chi tiết tại đây)
2
Trả chậm 0% lãi suất. Đặc biệt giảm đến 10% tối đa 5 triệu khi thanh toán qua Kredivo (Xem chi tiết tại đây)
3
Nhận ngay 200.000đ hoàn tiền khi mở thẻ tín dụng TPBank EVO và chi tiêu từ 1 triệu đồng (Xem chi tiết tại đây)";;https://www.thegioididong.com/may-tinh-bang/ipad-11-wifi-128gb;Disabled
iPad Air M3 11 inch WiFi 128GB;Xanh Dương;Yes;16690000;12890000soc;2025-12-22;"Khuyến mãi
Giá và khuyến mãi có thể kết thúc sớm hơn dự kiến
1
Nhập mã VNPAYTGDD5 giảm 80,000đ (áp dụng tùy giá trị đơn hàng) khi thanh toán qua VNPAY-QR (Xem chi tiết tại đây)
2
Trả chậm 0% lãi suất. Đặc biệt giảm đến 10% tối đa 5 triệu khi thanh toán qua Kredivo (Xem chi tiết tại đây)
3
Nhận ngay 200.000đ hoàn tiền khi mở thẻ tín dụng TPBank EVO và chi tiêu từ 1 triệu đồng (Xem chi tiết tại đây)";;https://www.thegioididong.com/may-tinh-bang/ipad-air-m3-11-inch-wifi-128gb;Disabled
iPad Air M3 13 inch WiFi 128GB;Tím;Yes;22090000;18690000soc;2025-12-22;"Khuyến mãi
Giá và khuyến mãi có thể kết thúc sớm hơn dự kiến
1
Nhập mã VNPAYTGDD5 giảm 80,000đ (áp dụng tùy giá trị đơn hàng) khi thanh toán qua VNPAY-QR (Xem chi tiết tại đây)
2
Trả chậm 0% lãi suất. Đặc biệt giảm đến 10% tối đa 5 triệu khi thanh toán qua Kredivo (Xem chi tiết tại đây)
3
Nhận ngay 200.000đ hoàn tiền khi mở thẻ tín dụng TPBank EVO và chi tiêu từ 1 triệu đồng (Xem chi tiết tại đây)";;https://www.thegioididong.com/may-tinh-bang/ipad-air-m3-13-inch-wifi-128gb?utm_flashsale=1;Disabled
iPad Pro M5 11 inch 5G 256GB;Đen;Yes;35590000;35590000;2025-12-22;"Khuyến mãi
Giá và khuyến mãi dự kiến áp dụng đến 23:00 | 31/12
1
Thu cũ đổi mới: Giảm đến 2,000,000đ (Không kèm ưu đãi thanh toán qua cổng, mua kèm) Xem chi tiết
2
Nhập mã VNPAYTGDD5 giảm 80,000đ (áp dụng tùy giá trị đơn hàng) khi thanh toán qua VNPAY-QR (Xem chi tiết tại đây)
3
Trả chậm 0% lãi suất. Đặc biệt giảm đến 10% tối đa 5 triệu khi thanh toán qua Kredivo (Xem chi tiết tại đây)
4
Nhận ngay 200.000đ hoàn tiền khi mở thẻ tín dụng TPBank EVO và chi tiêu từ 1 triệu đồng (Xem chi tiết tại đây)";;https://www.thegioididong.com/may-tinh-bang/ipad-pro-m5-11-inch-wifi-cellular-256gb;Disabled
iPad Pro M5 13 inch WiFi 256GB;Bạc;Yes;39990000;39990000;2025-12-22;"Khuyến mãi
Giá và khuyến mãi dự kiến áp dụng đến 23:00 | 31/12
1
Thu cũ đổi mới: Giảm đến 2,000,000đ (Không kèm ưu đãi thanh toán qua cổng, mua kèm) Xem chi tiết
2
Nhập mã VNPAYTGDD5 giảm 80,000đ (áp dụng tùy giá trị đơn hàng) khi thanh toán qua VNPAY-QR (Xem chi tiết tại đây)
3
Trả chậm 0% lãi suất. Đặc biệt giảm đến 10% tối đa 5 triệu khi thanh toán qua Kredivo (Xem chi tiết tại đây)
4
Nhận ngay 200.000đ hoàn tiền khi mở thẻ tín dụng TPBank EVO và chi tiêu từ 1 triệu đồng (Xem chi tiết tại đây)";;https://www.thegioididong.com/may-tinh-bang/ipad-pro-m5-13-inch-wifi-256gb;Disabled
iPad Pro M5 11 inch WiFi 256GB;Đen;Yes;29990000;29990000;2025-12-22;"Khuyến mãi
Giá và khuyến mãi dự kiến áp dụng đến 23:00 | 31/12
1
Thu cũ đổi mới: Giảm đến 2,000,000đ (Không kèm ưu đãi thanh toán qua cổng, mua kèm) Xem chi tiết
2
Nhập mã VNPAYTGDD5 giảm 80,000đ (áp dụng tùy giá trị đơn hàng) khi thanh toán qua VNPAY-QR (Xem chi tiết tại đây)
3
Trả chậm 0% lãi suất. Đặc biệt giảm đến 10% tối đa 5 triệu khi thanh toán qua Kredivo (Xem chi tiết tại đây)
4
Nhận ngay 200.000đ hoàn tiền khi mở thẻ tín dụng TPBank EVO và chi tiêu từ 1 triệu đồng (Xem chi tiết tại đây)";;https://www.thegioididong.com/may-tinh-bang/ipad-pro-m5-11-inch-wifi-256gb;Disabled
AirPods 4 MXP63;;Yes;3790000;3090000;2025-12-22;"Khuyến mãi
Giá và khuyến mãi dự kiến áp dụng đến 23:00 | 31/12
1
Nhập mã VNPAYTGDD5 giảm 80,000đ (áp dụng tùy giá trị đơn hàng) khi thanh toán qua VNPAY-QR (Xem chi tiết tại đây)
2
Trả chậm 0% lãi suất. Đặc biệt giảm đến 10% tối đa 5 triệu khi thanh toán qua Kredivo (Xem chi tiết tại đây)
3
Trả chậm 0 Đồng - 0% Lãi suất kỳ hạn 1- 4 tháng. Giảm 5% tối đa 50,000đ áp dụng đơn hàng tối thiểu 250,000đ khi thanh toán lần đầu qua HOME PayLater (Xem chi tiết tại đây)
4
Nhận ngay 200.000đ hoàn tiền khi mở thẻ tín dụng TPBank EVO và chi tiêu từ 1 triệu đồng (Xem chi tiết tại đây)";;https://www.thegioididong.com/tai-nghe/airpods-4-mxp63;Disabled
AirPods 4 (chống ồn);;Yes;4990000;4490000;2025-12-22;"Khuyến mãi
Giá và khuyến mãi dự kiến áp dụng đến 23:00 | 31/12
1
Nhập mã VNPAYTGDD5 giảm 80,000đ (áp dụng tùy giá trị đơn hàng) khi thanh toán qua VNPAY-QR (Xem chi tiết tại đây)
2
Trả chậm 0% lãi suất. Đặc biệt giảm đến 10% tối đa 5 triệu khi thanh toán qua Kredivo (Xem chi tiết tại đây)
3
Trả chậm 0 Đồng - 0% Lãi suất kỳ hạn 1- 4 tháng. Giảm 5% tối đa 50,000đ áp dụng đơn hàng tối thiểu 250,000đ khi thanh toán lần đầu qua HOME PayLater (Xem chi tiết tại đây)
4
Nhận ngay 200.000đ hoàn tiền khi mở thẻ tín dụng TPBank EVO và chi tiêu từ 1 triệu đồng (Xem chi tiết tại đây)";;https://www.thegioididong.com/tai-nghe/airpods-4-chong-on-mxp93;Disabled
Apple AirPods Pro 3 Trắng MFHP4;;Yes;6790000;6790000;2025-12-22;"Khuyến mãi
Giá và khuyến mãi dự kiến áp dụng đến 23:00 | 31/12
1
Nhập mã VNPAYTGDD5 giảm 80,000đ (áp dụng tùy giá trị đơn hàng) khi thanh toán qua VNPAY-QR (Xem chi tiết tại đây)
2
Trả chậm 0% lãi suất. Đặc biệt giảm đến 10% tối đa 5 triệu khi thanh toán qua Kredivo (Xem chi tiết tại đây)
3
Nhận ngay 200.000đ hoàn tiền khi mở thẻ tín dụng TPBank EVO và chi tiêu từ 1 triệu đồng (Xem chi tiết tại đây)";;https://www.thegioididong.com/tai-nghe/tai-nghe-bluetooth-apple-airpods-pro-3-trang-mfhp4;Disabled
AirPods Pro Gen 2 MagSafe Charge (USB-C) Apple MTJV3;;Yes;6090000;4990000;2025-12-22;"Khuyến mãi
Giá và khuyến mãi dự kiến áp dụng đến 23:00 | 31/12
1
Nhập mã VNPAYTGDD5 giảm 80,000đ (áp dụng tùy giá trị đơn hàng) khi thanh toán qua VNPAY-QR (Xem chi tiết tại đây)
2
Trả chậm 0% lãi suất. Đặc biệt giảm đến 10% tối đa 5 triệu khi thanh toán qua Kredivo (Xem chi tiết tại đây)
3
Nhận ngay 200.000đ hoàn tiền khi mở thẻ tín dụng TPBank EVO và chi tiêu từ 1 triệu đồng (Xem chi tiết tại đây)";;https://www.thegioididong.com/tai-nghe/tai-nghe-bluetooth-airpods-pro-gen-2-magsafe-charge-usb-c-apple-mtjv3;Disabled
Apple Watch Series 10 GPS + Cellular 46mm viền Titanium dây Milan;Titan xám;Yes;22190000;18190000;2025-12-22;"Khuyến mãi
Giá và khuyến mãi dự kiến áp dụng đến 23:00 | 31/12
1
Thu cũ Đổi mới: Giảm thêm đến 300.000đ (Không kèm ưu đãi thanh toán qua cổng, mua kèm) Xem chi tiết
2
Nhập mã VNPAYTGDD5 giảm 80,000đ (áp dụng tùy giá trị đơn hàng) khi thanh toán qua VNPAY-QR (Xem chi tiết tại đây)
3
Trả chậm 0% lãi suất. Đặc biệt giảm đến 10% tối đa 5 triệu khi thanh toán qua Kredivo (Xem chi tiết tại đây)
4
Nhận ngay 200.000đ hoàn tiền khi mở thẻ tín dụng TPBank EVO và chi tiêu từ 1 triệu đồng (Xem chi tiết tại đây)";;https://www.thegioididong.com/dong-ho-thong-minh/apple-watch-s10-lte-46mm-vien-titanium-day-thep?code=0232391002515;Disabled
Apple Watch Series 10 GPS + Cellular 46mm viền Titanium dây Milan;Titan vàng;Yes;22190000;17990000soc;2025-12-22;"Khuyến mãi
Giá và khuyến mãi có thể kết thúc sớm hơn dự kiến
1
Thu cũ Đổi mới: Giảm thêm đến 300.000đ (Không kèm ưu đãi thanh toán qua cổng, mua kèm) Xem chi tiết
2
Nhập mã VNPAYTGDD5 giảm 80,000đ (áp dụng tùy giá trị đơn hàng) khi thanh toán qua VNPAY-QR (Xem chi tiết tại đây)
3
Trả chậm 0% lãi suất. Đặc biệt giảm đến 10% tối đa 5 triệu khi thanh toán qua Kredivo (Xem chi tiết tại đây)
4
Nhận ngay 200.000đ hoàn tiền khi mở thẻ tín dụng TPBank EVO và chi tiêu từ 1 triệu đồng (Xem chi tiết tại đây)";;https://www.thegioididong.com/dong-ho-thong-minh/apple-watch-s10-lte-46mm-vien-titanium-day-thep?code=0232391002516;Disabled
Apple Watch SE 2 GPS 44mm viền nhôm dây thể thao;Bạc;No;0;0;2025-12-22;;;https://www.thegioididong.com/dong-ho-thong-minh/apple-watch-se-2-44mm-vien-nhom-day-silicone?code=0232391002534;Disabled
Apple Watch SE 2 GPS 44mm viền nhôm dây vải;Xanh đen;Yes;6690000;5490000;2025-12-22;"Khuyến mãi
Giá và khuyến mãi dự kiến áp dụng đến 23:00 | 31/12
1
Thu cũ Đổi mới: Giảm thêm đến 300.000đ (Không kèm ưu đãi thanh toán qua cổng, mua kèm) Xem chi tiết
2
Nhập mã VNPAYTGDD5 giảm 80,000đ (áp dụng tùy giá trị đơn hàng) khi thanh toán qua VNPAY-QR (Xem chi tiết tại đây)
3
Trả chậm 0% lãi suất. Đặc biệt giảm đến 10% tối đa 5 triệu khi thanh toán qua Kredivo (Xem chi tiết tại đây)
4
Nhận ngay 200.000đ hoàn tiền khi mở thẻ tín dụng TPBank EVO và chi tiêu từ 1 triệu đồng (Xem chi tiết tại đây)";;https://www.thegioididong.com/dong-ho-thong-minh/apple-watch-se-2-44mm-vien-nhom-day-vai?code=0232391002535;Disabled
Apple Watch SE 2 GPS 44mm viền nhôm dây vải;Trắng Starlight;Yes;6690000;5490000;2025-12-22;"Khuyến mãi
Giá và khuyến mãi dự kiến áp dụng đến 23:00 | 31/12
1
Thu cũ Đổi mới: Giảm thêm đến 300.000đ (Không kèm ưu đãi thanh toán qua cổng, mua kèm) Xem chi tiết
2
Nhập mã VNPAYTGDD5 giảm 80,000đ (áp dụng tùy giá trị đơn hàng) khi thanh toán qua VNPAY-QR (Xem chi tiết tại đây)
3
Trả chậm 0% lãi suất. Đặc biệt giảm đến 10% tối đa 5 triệu khi thanh toán qua Kredivo (Xem chi tiết tại đây)
4
Nhận ngay 200.000đ hoàn tiền khi mở thẻ tín dụng TPBank EVO và chi tiêu từ 1 triệu đồng (Xem chi tiết tại đây)";;https://www.thegioididong.com/dong-ho-thong-minh/apple-watch-se-2-44mm-vien-nhom-day-vai?code=0232391002538;Disabled
Apple Watch SE 3 GPS + Cellular 40mm viền nhôm dây thể thao;Xanh đen;Yes;8490000;7590000;2025-12-22;"Khuyến mãi
Giá và khuyến mãi dự kiến áp dụng đến 23:00 | 31/12
1
Thu cũ Đổi mới: Giảm thêm đến 300.000đ (Không kèm ưu đãi thanh toán qua cổng, mua kèm) Xem chi tiết
2
Nhập mã VNPAYTGDD5 giảm 80,000đ (áp dụng tùy giá trị đơn hàng) khi thanh toán qua VNPAY-QR (Xem chi tiết tại đây)
3
Trả chậm 0% lãi suất. Đặc biệt giảm đến 10% tối đa 5 triệu khi thanh toán qua Kredivo (Xem chi tiết tại đây)
4
Nhận ngay 200.000đ hoàn tiền khi mở thẻ tín dụng TPBank EVO và chi tiêu từ 1 triệu đồng (Xem chi tiết tại đây)";;https://www.thegioididong.com/dong-ho-thong-minh/apple-watch-se-3-gps-cellular-40mm-vien-nhom-day-the-thao?code=0232391002718;Disabled
Apple Watch SE 3 GPS + Cellular 40mm viền nhôm dây thể thao;Trắng Starlight;Yes;8490000;7790000;2025-12-22;"Khuyến mãi
Giá và khuyến mãi dự kiến áp dụng đến 23:00 | 31/12
1
Thu cũ Đổi mới: Giảm thêm đến 300.000đ (Không kèm ưu đãi thanh toán qua cổng, mua kèm) Xem chi tiết
2
Nhập mã VNPAYTGDD5 giảm 80,000đ (áp dụng tùy giá trị đơn hàng) khi thanh toán qua VNPAY-QR (Xem chi tiết tại đây)
3
Trả chậm 0% lãi suất. Đặc biệt giảm đến 10% tối đa 5 triệu khi thanh toán qua Kredivo (Xem chi tiết tại đây)
4
Nhận ngay 200.000đ hoàn tiền khi mở thẻ tín dụng TPBank EVO và chi tiêu từ 1 triệu đồng (Xem chi tiết tại đây)";;https://www.thegioididong.com/dong-ho-thong-minh/apple-watch-se-3-gps-cellular-40mm-vien-nhom-day-the-thao?code=0232391002717;Disabled
Apple Watch SE 3 GPS 40mm viền nhôm dây thể thao;Xanh đen;Yes;6990000;5590000;2025-12-22;"Khuyến mãi
Giá và khuyến mãi dự kiến áp dụng đến 23:59 | 27/12
1
Thu cũ Đổi mới: Giảm thêm đến 300.000đ (Không kèm ưu đãi thanh toán qua cổng, mua kèm) Xem chi tiết
2
Nhập mã VNPAYTGDD5 giảm 80,000đ (áp dụng tùy giá trị đơn hàng) khi thanh toán qua VNPAY-QR (Xem chi tiết tại đây)
3
Trả chậm 0% lãi suất. Đặc biệt giảm đến 10% tối đa 5 triệu khi thanh toán qua Kredivo (Xem chi tiết tại đây)
4
Nhận ngay 200.000đ hoàn tiền khi mở thẻ tín dụng TPBank EVO và chi tiêu từ 1 triệu đồng (Xem chi tiết tại đây)";;https://www.thegioididong.com/dong-ho-thong-minh/apple-watch-se-3-40mm-vien-nhom-day-the-thao?code=0232391002714;Disabled
Apple Watch SE 3 GPS 40mm viền nhôm dây thể thao;Trắng Starlight;Yes;6990000;5690000;2025-12-22;"Khuyến mãi
Giá và khuyến mãi dự kiến áp dụng đến 23:59 | 27/12
1
Thu cũ Đổi mới: Giảm thêm đến 300.000đ (Không kèm ưu đãi thanh toán qua cổng, mua kèm) Xem chi tiết
2
Nhập mã VNPAYTGDD5 giảm 80,000đ (áp dụng tùy giá trị đơn hàng) khi thanh toán qua VNPAY-QR (Xem chi tiết tại đây)
3
Trả chậm 0% lãi suất. Đặc biệt giảm đến 10% tối đa 5 triệu khi thanh toán qua Kredivo (Xem chi tiết tại đây)
4
Nhận ngay 200.000đ hoàn tiền khi mở thẻ tín dụng TPBank EVO và chi tiêu từ 1 triệu đồng (Xem chi tiết tại đây)";;https://www.thegioididong.com/dong-ho-thong-minh/apple-watch-se-3-40mm-vien-nhom-day-the-thao?code=0232391002713;Disabled
Apple Watch SE 3 GPS + Cellular 44mm viền nhôm dây thể thao;Trắng Starlight;Yes;9350000;8290000;2025-12-22;"Khuyến mãi
Giá và khuyến mãi dự kiến áp dụng đến 23:00 | 31/12
1
Thu cũ Đổi mới: Giảm thêm đến 300.000đ (Không kèm ưu đãi thanh toán qua cổng, mua kèm) Xem chi tiết
2
Nhập mã VNPAYTGDD5 giảm 80,000đ (áp dụng tùy giá trị đơn hàng) khi thanh toán qua VNPAY-QR (Xem chi tiết tại đây)
3
Trả chậm 0% lãi suất. Đặc biệt giảm đến 10% tối đa 5 triệu khi thanh toán qua Kredivo (Xem chi tiết tại đây)
4
Nhận ngay 200.000đ hoàn tiền khi mở thẻ tín dụng TPBank EVO và chi tiêu từ 1 triệu đồng (Xem chi tiết tại đây)";;https://www.thegioididong.com/dong-ho-thong-minh/apple-watch-se-3-gps-cellular-44mm-vien-nhom-day-the-thao;Disabled
Apple Watch SE 3 GPS 44mm viền nhôm dây thể thao;;Yes;7850000;6990000;2025-12-22;"Khuyến mãi
Giá và khuyến mãi dự kiến áp dụng đến 23:00 | 31/12
1
Thu cũ Đổi mới: Giảm thêm đến 300.000đ (Không kèm ưu đãi thanh toán qua cổng, mua kèm) Xem chi tiết
2
Nhập mã VNPAYTGDD5 giảm 80,000đ (áp dụng tùy giá trị đơn hàng) khi thanh toán qua VNPAY-QR (Xem chi tiết tại đây)
3
Trả chậm 0% lãi suất. Đặc biệt giảm đến 10% tối đa 5 triệu khi thanh toán qua Kredivo (Xem chi tiết tại đây)
4
Nhận ngay 200.000đ hoàn tiền khi mở thẻ tín dụng TPBank EVO và chi tiêu từ 1 triệu đồng (Xem chi tiết tại đây)";;https://www.thegioididong.com/dong-ho-thong-minh/apple-watch-se-3-44mm-vien-nhom-day-the-thao;Disabled
Apple Watch Series 10 GPS + Cellular 46mm viền nhôm dây vải;Vàng Hồng;Yes;14090000;12590000;2025-12-22;"Khuyến mãi
Giá và khuyến mãi dự kiến áp dụng đến 23:00 | 31/12
1
Thu cũ Đổi mới: Giảm thêm đến 300.000đ (Không kèm ưu đãi thanh toán qua cổng, mua kèm) Xem chi tiết
2
Nhập mã VNPAYTGDD5 giảm 80,000đ (áp dụng tùy giá trị đơn hàng) khi thanh toán qua VNPAY-QR (Xem chi tiết tại đây)
3
Trả chậm 0% lãi suất. Đặc biệt giảm đến 10% tối đa 5 triệu khi thanh toán qua Kredivo (Xem chi tiết tại đây)
4
Nhận ngay 200.000đ hoàn tiền khi mở thẻ tín dụng TPBank EVO và chi tiêu từ 1 triệu đồng (Xem chi tiết tại đây)";;https://www.thegioididong.com/dong-ho-thong-minh/apple-watch-series-10-lte-46mm-day-vai;Disabled
Apple Watch Series 11 GPS 46mm viền nhôm dây thể thao;Đen bóng;Yes;12350000;9990000;2025-12-22;"Khuyến mãi
Giá và khuyến mãi dự kiến áp dụng đến 23:59 | 27/12
1
Thu cũ Đổi mới: Giảm thêm đến 300.000đ (Không kèm ưu đãi thanh toán qua cổng, mua kèm) Xem chi tiết
2
Nhập mã VNPAYTGDD5 giảm 80,000đ (áp dụng tùy giá trị đơn hàng) khi thanh toán qua VNPAY-QR (Xem chi tiết tại đây)
3
Trả chậm 0% lãi suất. Đặc biệt giảm đến 10% tối đa 5 triệu khi thanh toán qua Kredivo (Xem chi tiết tại đây)
4
Nhận ngay 200.000đ hoàn tiền khi mở thẻ tín dụng TPBank EVO và chi tiêu từ 1 triệu đồng (Xem chi tiết tại đây)";;https://www.thegioididong.com/dong-ho-thong-minh/apple-watch-series-11-46mm-vien-nhom-day-the-thao;Disabled
Apple Watch Series 10 GPS 42mm viền nhôm dây vải;Đen bóng;Yes;10790000;8090000;2025-12-22;"Khuyến mãi
Giá và khuyến mãi dự kiến áp dụng đến 23:59 | 27/12
1
Thu cũ Đổi mới: Giảm thêm đến 300.000đ (Không kèm ưu đãi thanh toán qua cổng, mua kèm) Xem chi tiết
2
Nhập mã VNPAYTGDD5 giảm 80,000đ (áp dụng tùy giá trị đơn hàng) khi thanh toán qua VNPAY-QR (Xem chi tiết tại đây)
3
Trả chậm 0% lãi suất. Đặc biệt giảm đến 10% tối đa 5 triệu khi thanh toán qua Kredivo (Xem chi tiết tại đây)
4
Nhận ngay 200.000đ hoàn tiền khi mở thẻ tín dụng TPBank EVO và chi tiêu từ 1 triệu đồng (Xem chi tiết tại đây)";;https://www.thegioididong.com/dong-ho-thong-minh/apple-watch-series-10-42mm-day-vai?code=0232391002474;Disabled
Apple Watch Series 11 GPS 42mm viền nhôm dây thể thao;Vàng Hồng;Yes;11490000;9290000;2025-12-22;"Khuyến mãi
Giá và khuyến mãi dự kiến áp dụng đến 23:00 | 31/12
1
Thu cũ Đổi mới: Giảm thêm đến 300.000đ (Không kèm ưu đãi thanh toán qua cổng, mua kèm) Xem chi tiết
2
Nhập mã VNPAYTGDD5 giảm 80,000đ (áp dụng tùy giá trị đơn hàng) khi thanh toán qua VNPAY-QR (Xem chi tiết tại đây)
3
Trả chậm 0% lãi suất. Đặc biệt giảm đến 10% tối đa 5 triệu khi thanh toán qua Kredivo (Xem chi tiết tại đây)
4
Nhận ngay 200.000đ hoàn tiền khi mở thẻ tín dụng TPBank EVO và chi tiêu từ 1 triệu đồng (Xem chi tiết tại đây)";;https://www.thegioididong.com/dong-ho-thong-minh/apple-watch-series-11-42mm-vien-nhom-day-the-thao?code=0232391002723;Disabled
Apple Watch Series 11 GPS 42mm viền nhôm dây thể thao;Xám;Yes;11490000;9290000;2025-12-22;"Khuyến mãi
Giá và khuyến mãi dự kiến áp dụng đến 23:00 | 31/12
1
Thu cũ Đổi mới: Giảm thêm đến 300.000đ (Không kèm ưu đãi thanh toán qua cổng, mua kèm) Xem chi tiết
2
Nhập mã VNPAYTGDD5 giảm 80,000đ (áp dụng tùy giá trị đơn hàng) khi thanh toán qua VNPAY-QR (Xem chi tiết tại đây)
3
Trả chậm 0% lãi suất. Đặc biệt giảm đến 10% tối đa 5 triệu khi thanh toán qua Kredivo (Xem chi tiết tại đây)
4
Nhận ngay 200.000đ hoàn tiền khi mở thẻ tín dụng TPBank EVO và chi tiêu từ 1 triệu đồng (Xem chi tiết tại đây)";;https://www.thegioididong.com/dong-ho-thong-minh/apple-watch-series-11-42mm-vien-nhom-day-the-thao?code=0232391002722;Disabled
Apple Watch Series 10 GPS 46mm viền nhôm dây vải;;Yes;11590000;9890000;2025-12-22;"Khuyến mãi
Giá và khuyến mãi dự kiến áp dụng đến 23:00 | 31/12
1
Thu cũ Đổi mới: Giảm thêm đến 300.000đ (Không kèm ưu đãi thanh toán qua cổng, mua kèm) Xem chi tiết
2
Nhập mã VNPAYTGDD5 giảm 80,000đ (áp dụng tùy giá trị đơn hàng) khi thanh toán qua VNPAY-QR (Xem chi tiết tại đây)
3
Trả chậm 0% lãi suất. Đặc biệt giảm đến 10% tối đa 5 triệu khi thanh toán qua Kredivo (Xem chi tiết tại đây)
4
Nhận ngay 200.000đ hoàn tiền khi mở thẻ tín dụng TPBank EVO và chi tiêu từ 1 triệu đồng (Xem chi tiết tại đây)";;https://www.thegioididong.com/dong-ho-thong-minh/apple-watch-series-10-46mm-day-vai;Disabled
Apple Watch SE 2 GPS 44mm viền nhôm dây thể thao;Trắng Starlight;No;0;0;2025-12-22;;;https://www.thegioididong.com/dong-ho-thong-minh/apple-watch-se-2-44mm-vien-nhom-day-silicone?code=0232391002533;Disabled
Apple Watch SE 2 GPS 44mm viền nhôm dây thể thao;Xanh đen;No;0;0;2025-12-22;;;https://www.thegioididong.com/dong-ho-thong-minh/apple-watch-se-2-44mm-vien-nhom-day-silicone?code=0232391002530;Disabled
Apple Watch Series 10 GPS 42mm viền nhôm dây vải;Bạc;Yes;10790000;7990000soc;2025-12-22;"Khuyến mãi
Giá và khuyến mãi có thể kết thúc sớm hơn dự kiến
1
Thu cũ Đổi mới: Giảm thêm đến 300.000đ (Không kèm ưu đãi thanh toán qua cổng, mua kèm) Xem chi tiết
2
Nhập mã VNPAYTGDD5 giảm 80,000đ (áp dụng tùy giá trị đơn hàng) khi thanh toán qua VNPAY-QR (Xem chi tiết tại đây)
3
Trả chậm 0% lãi suất. Đặc biệt giảm đến 10% tối đa 5 triệu khi thanh toán qua Kredivo (Xem chi tiết tại đây)
4
Nhận ngay 200.000đ hoàn tiền khi mở thẻ tín dụng TPBank EVO và chi tiêu từ 1 triệu đồng (Xem chi tiết tại đây)";;https://www.thegioididong.com/dong-ho-thong-minh/apple-watch-series-10-42mm-day-vai?code=0232391002473;Disabled
Apple Watch Series 11 GPS 42mm viền nhôm dây thể thao;Đen bóng;Yes;11490000;9290000;2025-12-22;"Khuyến mãi
Giá và khuyến mãi dự kiến áp dụng đến 23:00 | 31/12
1
Thu cũ Đổi mới: Giảm thêm đến 300.000đ (Không kèm ưu đãi thanh toán qua cổng, mua kèm) Xem chi tiết
2
Nhập mã VNPAYTGDD5 giảm 80,000đ (áp dụng tùy giá trị đơn hàng) khi thanh toán qua VNPAY-QR (Xem chi tiết tại đây)
3
Trả chậm 0% lãi suất. Đặc biệt giảm đến 10% tối đa 5 triệu khi thanh toán qua Kredivo (Xem chi tiết tại đây)
4
Nhận ngay 200.000đ hoàn tiền khi mở thẻ tín dụng TPBank EVO và chi tiêu từ 1 triệu đồng (Xem chi tiết tại đây)";;https://www.thegioididong.com/dong-ho-thong-minh/apple-watch-series-11-42mm-vien-nhom-day-the-thao?code=0232391002721;Disabled
Apple Watch Series 11 GPS 42mm viền nhôm dây thể thao;Bạc;Yes;11490000;9290000;2025-12-22;"Khuyến mãi
Giá và khuyến mãi dự kiến áp dụng đến 23:00 | 31/12
1
Thu cũ Đổi mới: Giảm thêm đến 300.000đ (Không kèm ưu đãi thanh toán qua cổng, mua kèm) Xem chi tiết
2
Nhập mã VNPAYTGDD5 giảm 80,000đ (áp dụng tùy giá trị đơn hàng) khi thanh toán qua VNPAY-QR (Xem chi tiết tại đây)
3
Trả chậm 0% lãi suất. Đặc biệt giảm đến 10% tối đa 5 triệu khi thanh toán qua Kredivo (Xem chi tiết tại đây)
4
Nhận ngay 200.000đ hoàn tiền khi mở thẻ tín dụng TPBank EVO và chi tiêu từ 1 triệu đồng (Xem chi tiết tại đây)";;https://www.thegioididong.com/dong-ho-thong-minh/apple-watch-series-11-42mm-vien-nhom-day-the-thao?code=0232391002724;Disabled
Apple Watch Series 11 GPS + Cellular 46mm viền Titanium dây thể thao;Titan vàng;Yes;22490000;20090000;2025-12-22;"Khuyến mãi
Giá và khuyến mãi dự kiến áp dụng đến 23:59 | 27/12
1
Thu cũ Đổi mới: Giảm thêm đến 300.000đ (Không kèm ưu đãi thanh toán qua cổng, mua kèm) Xem chi tiết
2
Nhập mã VNPAYTGDD5 giảm 80,000đ (áp dụng tùy giá trị đơn hàng) khi thanh toán qua VNPAY-QR (Xem chi tiết tại đây)
3
Trả chậm 0% lãi suất. Đặc biệt giảm đến 10% tối đa 5 triệu khi thanh toán qua Kredivo (Xem chi tiết tại đây)
4
Nhận ngay 200.000đ hoàn tiền khi mở thẻ tín dụng TPBank EVO và chi tiêu từ 1 triệu đồng (Xem chi tiết tại đây)";;https://www.thegioididong.com/dong-ho-thong-minh/apple-watch-series-11-gps-cellular-46mm-vien-titanium-day-the-thao;Disabled
Apple Watch Ultra 3 GPS + Cellular 49mm viền Titanium dây Milan;Titan đen;Yes;26990000;26290000;2025-12-22;"Khuyến mãi
Giá và khuyến mãi dự kiến áp dụng đến 23:00 | 31/12
1
Thu cũ Đổi mới: Giảm thêm đến 300.000đ (Không kèm ưu đãi thanh toán qua cổng, mua kèm) Xem chi tiết
2
Nhập mã VNPAYTGDD5 giảm 80,000đ (áp dụng tùy giá trị đơn hàng) khi thanh toán qua VNPAY-QR (Xem chi tiết tại đây)
3
Trả chậm 0% lãi suất. Đặc biệt giảm đến 10% tối đa 5 triệu khi thanh toán qua Kredivo (Xem chi tiết tại đây)
4
Nhận ngay 200.000đ hoàn tiền khi mở thẻ tín dụng TPBank EVO và chi tiêu từ 1 triệu đồng (Xem chi tiết tại đây)";;https://www.thegioididong.com/dong-ho-thong-minh/apple-watch-ultra-3-gps-cellular-49mm-vien-titanium-day-milan?code=0232391002756;Disabled
Apple Watch Ultra 3 GPS + Cellular 49mm viền Titanium dây Alpine;Titan đen;Yes;23990000;23190000;2025-12-22;"Khuyến mãi
Giá và khuyến mãi dự kiến áp dụng đến 23:00 | 31/12
1
Thu cũ Đổi mới: Giảm thêm đến 300.000đ (Không kèm ưu đãi thanh toán qua cổng, mua kèm) Xem chi tiết
2
Nhập mã VNPAYTGDD5 giảm 80,000đ (áp dụng tùy giá trị đơn hàng) khi thanh toán qua VNPAY-QR (Xem chi tiết tại đây)
3
Trả chậm 0% lãi suất. Đặc biệt giảm đến 10% tối đa 5 triệu khi thanh toán qua Kredivo (Xem chi tiết tại đây)
4
Nhận ngay 200.000đ hoàn tiền khi mở thẻ tín dụng TPBank EVO và chi tiêu từ 1 triệu đồng (Xem chi tiết tại đây)";;https://www.thegioididong.com/dong-ho-thong-minh/apple-watch-ultra-3-gps-cellular-49mm-vien-titanium-day-alpine?code=0232391002754;Disabled
Apple Watch Ultra 3 GPS + Cellular 49mm viền Titanium dây Milan;Titan tự nhiên;Yes;26990000;26290000;2025-12-22;"Khuyến mãi
Giá và khuyến mãi dự kiến áp dụng đến 23:00 | 31/12
1
Thu cũ Đổi mới: Giảm thêm đến 300.000đ (Không kèm ưu đãi thanh toán qua cổng, mua kèm) Xem chi tiết
2
Nhập mã VNPAYTGDD5 giảm 80,000đ (áp dụng tùy giá trị đơn hàng) khi thanh toán qua VNPAY-QR (Xem chi tiết tại đây)
3
Trả chậm 0% lãi suất. Đặc biệt giảm đến 10% tối đa 5 triệu khi thanh toán qua Kredivo (Xem chi tiết tại đây)
4
Nhận ngay 200.000đ hoàn tiền khi mở thẻ tín dụng TPBank EVO và chi tiêu từ 1 triệu đồng (Xem chi tiết tại đây)";;https://www.thegioididong.com/dong-ho-thong-minh/apple-watch-ultra-3-gps-cellular-49mm-vien-titanium-day-milan?code=0232391002752;Disabled
Apple Watch Ultra 3 GPS + Cellular 49mm viền Titanium dây Alpine;Titan tự nhiên;Yes;23990000;23190000;2025-12-22;"Khuyến mãi
Giá và khuyến mãi dự kiến áp dụng đến 23:00 | 31/12
1
Thu cũ Đổi mới: Giảm thêm đến 300.000đ (Không kèm ưu đãi thanh toán qua cổng, mua kèm) Xem chi tiết
2
Nhập mã VNPAYTGDD5 giảm 80,000đ (áp dụng tùy giá trị đơn hàng) khi thanh toán qua VNPAY-QR (Xem chi tiết tại đây)
3
Trả chậm 0% lãi suất. Đặc biệt giảm đến 10% tối đa 5 triệu khi thanh toán qua Kredivo (Xem chi tiết tại đây)
4
Nhận ngay 200.000đ hoàn tiền khi mở thẻ tín dụng TPBank EVO và chi tiêu từ 1 triệu đồng (Xem chi tiết tại đây)";;https://www.thegioididong.com/dong-ho-thong-minh/apple-watch-ultra-3-gps-cellular-49mm-vien-titanium-day-alpine?code=0232391002750;Disabled
Apple Watch Series 11 GPS + Cellular 42mm viền Titanium dây Milan;Titan vàng;Yes;22490000;19590000;2025-12-22;"Khuyến mãi
Giá và khuyến mãi dự kiến áp dụng đến 23:59 | 27/12
1
Thu cũ Đổi mới: Giảm thêm đến 300.000đ (Không kèm ưu đãi thanh toán qua cổng, mua kèm) Xem chi tiết
2
Nhập mã VNPAYTGDD5 giảm 80,000đ (áp dụng tùy giá trị đơn hàng) khi thanh toán qua VNPAY-QR (Xem chi tiết tại đây)
3
Trả chậm 0% lãi suất. Đặc biệt giảm đến 10% tối đa 5 triệu khi thanh toán qua Kredivo (Xem chi tiết tại đây)
4
Nhận ngay 200.000đ hoàn tiền khi mở thẻ tín dụng TPBank EVO và chi tiêu từ 1 triệu đồng (Xem chi tiết tại đây)";;https://www.thegioididong.com/dong-ho-thong-minh/apple-watch-series-11-gps-cellular-42mm-vien-titanium-day-milan?code=0232391002738;Disabled
Apple Watch Series 11 GPS + Cellular 42mm viền Titanium dây Milan;Titan xám;Yes;22490000;19590000;2025-12-22;"Khuyến mãi
Giá và khuyến mãi dự kiến áp dụng đến 23:59 | 27/12
1
Thu cũ Đổi mới: Giảm thêm đến 300.000đ (Không kèm ưu đãi thanh toán qua cổng, mua kèm) Xem chi tiết
2
Nhập mã VNPAYTGDD5 giảm 80,000đ (áp dụng tùy giá trị đơn hàng) khi thanh toán qua VNPAY-QR (Xem chi tiết tại đây)
3
Trả chậm 0% lãi suất. Đặc biệt giảm đến 10% tối đa 5 triệu khi thanh toán qua Kredivo (Xem chi tiết tại đây)
4
Nhận ngay 200.000đ hoàn tiền khi mở thẻ tín dụng TPBank EVO và chi tiêu từ 1 triệu đồng (Xem chi tiết tại đây)";;https://www.thegioididong.com/dong-ho-thong-minh/apple-watch-series-11-gps-cellular-42mm-vien-titanium-day-milan?code=0232391002736;Disabled
Apple Watch Series 11 GPS + Cellular 42mm viền Titanium dây Milan;Titan tự nhiên;Yes;22490000;19590000;2025-12-22;"Khuyến mãi
Giá và khuyến mãi dự kiến áp dụng đến 23:59 | 27/12
1
Thu cũ Đổi mới: Giảm thêm đến 300.000đ (Không kèm ưu đãi thanh toán qua cổng, mua kèm) Xem chi tiết
2
Nhập mã VNPAYTGDD5 giảm 80,000đ (áp dụng tùy giá trị đơn hàng) khi thanh toán qua VNPAY-QR (Xem chi tiết tại đây)
3
Trả chậm 0% lãi suất. Đặc biệt giảm đến 10% tối đa 5 triệu khi thanh toán qua Kredivo (Xem chi tiết tại đây)
4
Nhận ngay 200.000đ hoàn tiền khi mở thẻ tín dụng TPBank EVO và chi tiêu từ 1 triệu đồng (Xem chi tiết tại đây)";;https://www.thegioididong.com/dong-ho-thong-minh/apple-watch-series-11-gps-cellular-42mm-vien-titanium-day-milan?code=0232391002734;Disabled
Apple Watch Series 11 GPS + Cellular 42m viền Titanium dây thể thao;Titan xám;Yes;20990000;18190000;2025-12-22;"Khuyến mãi
Giá và khuyến mãi dự kiến áp dụng đến 23:59 | 27/12
1
Thu cũ Đổi mới: Giảm thêm đến 300.000đ (Không kèm ưu đãi thanh toán qua cổng, mua kèm) Xem chi tiết
2
Nhập mã VNPAYTGDD5 giảm 80,000đ (áp dụng tùy giá trị đơn hàng) khi thanh toán qua VNPAY-QR (Xem chi tiết tại đây)
3
Trả chậm 0% lãi suất. Đặc biệt giảm đến 10% tối đa 5 triệu khi thanh toán qua Kredivo (Xem chi tiết tại đây)
4
Nhận ngay 200.000đ hoàn tiền khi mở thẻ tín dụng TPBank EVO và chi tiêu từ 1 triệu đồng (Xem chi tiết tại đây)";;https://www.thegioididong.com/dong-ho-thong-minh/apple-watch-series-11-gps-cellular-42m-vien-titanium-day-the-thao?code=0232391002735;Disabled
Apple Watch Series 11 GPS + Cellular 42m viền Titanium dây thể thao;Titan tự nhiên;Yes;20990000;18190000;2025-12-22;"Khuyến mãi
Giá và khuyến mãi dự kiến áp dụng đến 23:59 | 27/12
1
Thu cũ Đổi mới: Giảm thêm đến 300.000đ (Không kèm ưu đãi thanh toán qua cổng, mua kèm) Xem chi tiết
2
Nhập mã VNPAYTGDD5 giảm 80,000đ (áp dụng tùy giá trị đơn hàng) khi thanh toán qua VNPAY-QR (Xem chi tiết tại đây)
3
Trả chậm 0% lãi suất. Đặc biệt giảm đến 10% tối đa 5 triệu khi thanh toán qua Kredivo (Xem chi tiết tại đây)
4
Nhận ngay 200.000đ hoàn tiền khi mở thẻ tín dụng TPBank EVO và chi tiêu từ 1 triệu đồng (Xem chi tiết tại đây)";;https://www.thegioididong.com/dong-ho-thong-minh/apple-watch-series-11-gps-cellular-42m-vien-titanium-day-the-thao?code=0232391002733;Disabled
Apple Watch Series 11 GPS + Cellular 42m viền Titanium dây thể thao;Titan vàng;Yes;20990000;18190000;2025-12-22;"Khuyến mãi
Giá và khuyến mãi dự kiến áp dụng đến 23:59 | 27/12
1
Thu cũ Đổi mới: Giảm thêm đến 300.000đ (Không kèm ưu đãi thanh toán qua cổng, mua kèm) Xem chi tiết
2
Nhập mã VNPAYTGDD5 giảm 80,000đ (áp dụng tùy giá trị đơn hàng) khi thanh toán qua VNPAY-QR (Xem chi tiết tại đây)
3
Trả chậm 0% lãi suất. Đặc biệt giảm đến 10% tối đa 5 triệu khi thanh toán qua Kredivo (Xem chi tiết tại đây)
4
Nhận ngay 200.000đ hoàn tiền khi mở thẻ tín dụng TPBank EVO và chi tiêu từ 1 triệu đồng (Xem chi tiết tại đây)";;https://www.thegioididong.com/dong-ho-thong-minh/apple-watch-series-11-gps-cellular-42m-vien-titanium-day-the-thao?code=0232391002737;Disabled
Apple Watch Ultra 3 GPS + Cellular 49mm viền Titanium dây Ocean;Titan đen;Yes;23990000;23190000;2025-12-22;"Khuyến mãi
Giá và khuyến mãi dự kiến áp dụng đến 23:00 | 31/12
1
Thu cũ Đổi mới: Giảm thêm đến 300.000đ (Không kèm ưu đãi thanh toán qua cổng, mua kèm) Xem chi tiết
2
Nhập mã VNPAYTGDD5 giảm 80,000đ (áp dụng tùy giá trị đơn hàng) khi thanh toán qua VNPAY-QR (Xem chi tiết tại đây)
3
Trả chậm 0% lãi suất. Đặc biệt giảm đến 10% tối đa 5 triệu khi thanh toán qua Kredivo (Xem chi tiết tại đây)
4
Nhận ngay 200.000đ hoàn tiền khi mở thẻ tín dụng TPBank EVO và chi tiêu từ 1 triệu đồng (Xem chi tiết tại đây)";;https://www.thegioididong.com/dong-ho-thong-minh/apple-watch-ultra-3-gps-cellular-49mm-vien-titanium-day-ocean?code=0232391002753;Disabled
Apple Watch Ultra 3 GPS + Cellular 49mm viền Titanium dây Ocean;Titan tự nhiên;Yes;23990000;23190000;2025-12-22;"Khuyến mãi
Giá và khuyến mãi dự kiến áp dụng đến 23:00 | 31/12
1
Thu cũ Đổi mới: Giảm thêm đến 300.000đ (Không kèm ưu đãi thanh toán qua cổng, mua kèm) Xem chi tiết
2
Nhập mã VNPAYTGDD5 giảm 80,000đ (áp dụng tùy giá trị đơn hàng) khi thanh toán qua VNPAY-QR (Xem chi tiết tại đây)
3
Trả chậm 0% lãi suất. Đặc biệt giảm đến 10% tối đa 5 triệu khi thanh toán qua Kredivo (Xem chi tiết tại đây)
4
Nhận ngay 200.000đ hoàn tiền khi mở thẻ tín dụng TPBank EVO và chi tiêu từ 1 triệu đồng (Xem chi tiết tại đây)";;https://www.thegioididong.com/dong-ho-thong-minh/apple-watch-ultra-3-gps-cellular-49mm-vien-titanium-day-ocean?code=0232391002749;Disabled
iPhone 13 128GB;Đen;Yes;13990000;12490000;2025-12-22;"Khuyến mãi
Giá và khuyến mãi dự kiến áp dụng đến 23:00 | 31/12
1
Tặng phiếu mua hàng Apple Watch trị giá 1,000,000đ
2
Tặng phiếu mua hàng Macbook trị giá 700,000đ
3
Tặng phiếu mua hàng AirPods trị giá 500,000đ
4
Tặng Phiếu mua hàng mua sạc dự phòng (trừ AVA+, Hydrus); đồng hồ thông minh (trừ Apple); Tai nghe bluetooth và Loa bluetooth các hãng JBL, Marshall,Harman Kardon; Ốp lưng (trừ Apple) trị giá 100.000đ
5
Thu cũ đổi mới: Giảm đến 2,000,000đ (Không kèm ưu đãi thanh toán qua cổng, mua kèm) Xem chi tiết
6
Nhập mã VNPAYTGDD5 giảm 80,000đ (áp dụng tùy giá trị đơn hàng) khi thanh toán qua VNPAY-QR (Xem chi tiết tại đây)
7
Trả chậm 0% lãi suất. Đặc biệt giảm đến 10% tối đa 5 triệu khi thanh toán qua Kredivo (Xem chi tiết tại đây)
8
Nhận ngay 200.000đ hoàn tiền khi mở thẻ tín dụng TPBank EVO và chi tiêu từ 1 triệu đồng (Xem chi tiết tại đây)";;https://www.thegioididong.com/dtdd/iphone-13?code=0131491002654;Disabled
iPhone 13 128GB;Trắng;Yes;13990000;12490000;2025-12-22;"Khuyến mãi
Giá và khuyến mãi dự kiến áp dụng đến 23:00 | 31/12
1
Tặng phiếu mua hàng Apple Watch trị giá 1,000,000đ
2
Tặng phiếu mua hàng Macbook trị giá 700,000đ
3
Tặng phiếu mua hàng AirPods trị giá 500,000đ
4
Tặng Phiếu mua hàng mua sạc dự phòng (trừ AVA+, Hydrus); đồng hồ thông minh (trừ Apple); Tai nghe bluetooth và Loa bluetooth các hãng JBL, Marshall,Harman Kardon; Ốp lưng (trừ Apple) trị giá 100.000đ
5
Thu cũ đổi mới: Giảm đến 2,000,000đ (Không kèm ưu đãi thanh toán qua cổng, mua kèm) Xem chi tiết
6
Nhập mã VNPAYTGDD5 giảm 80,000đ (áp dụng tùy giá trị đơn hàng) khi thanh toán qua VNPAY-QR (Xem chi tiết tại đây)
7
Trả chậm 0% lãi suất. Đặc biệt giảm đến 10% tối đa 5 triệu khi thanh toán qua Kredivo (Xem chi tiết tại đây)
8
Nhận ngay 200.000đ hoàn tiền khi mở thẻ tín dụng TPBank EVO và chi tiêu từ 1 triệu đồng (Xem chi tiết tại đây)";;https://www.thegioididong.com/dtdd/iphone-13?code=0131491002655;Disabled
iPhone 14 128GB;Trắng;Yes;16990000;13990000;2025-12-22;"Khuyến mãi
Giá và khuyến mãi dự kiến áp dụng đến 23:00 | 31/12
1
Tặng phiếu mua hàng Apple Watch trị giá 1,000,000đ
2
Tặng phiếu mua hàng Macbook trị giá 700,000đ
3
Tặng phiếu mua hàng AirPods trị giá 500,000đ
4
Tặng Phiếu mua hàng mua sạc dự phòng (trừ AVA+, Hydrus); đồng hồ thông minh (trừ Apple); Tai nghe bluetooth và Loa bluetooth các hãng JBL, Marshall,Harman Kardon; Ốp lưng (trừ Apple) trị giá 100.000đ
5
Thu cũ đổi mới: Giảm đến 2,000,000đ (Không kèm ưu đãi thanh toán qua cổng, mua kèm) Xem chi tiết
6
Nhập mã VNPAYTGDD5 giảm 80,000đ (áp dụng tùy giá trị đơn hàng) khi thanh toán qua VNPAY-QR (Xem chi tiết tại đây)
7
Trả chậm 0% lãi suất. Đặc biệt giảm đến 10% tối đa 5 triệu khi thanh toán qua Kredivo (Xem chi tiết tại đây)
8
Nhận ngay 200.000đ hoàn tiền khi mở thẻ tín dụng TPBank EVO và chi tiêu từ 1 triệu đồng (Xem chi tiết tại đây)";;https://www.thegioididong.com/dtdd/iphone-14?code=0131491003361;Disabled
iPhone 14 256GB;Xanh Dương;Yes;19990000;16990000;2025-12-22;"Khuyến mãi
Giá và khuyến mãi dự kiến áp dụng đến 23:00 | 31/12
1
Tặng phiếu mua hàng Apple Watch trị giá 1,000,000đ
2
Tặng phiếu mua hàng Macbook trị giá 700,000đ
3
Tặng phiếu mua hàng AirPods trị giá 500,000đ
4
Tặng Phiếu mua hàng mua sạc dự phòng (trừ AVA+, Hydrus); đồng hồ thông minh (trừ Apple); Tai nghe bluetooth và Loa bluetooth các hãng JBL, Marshall,Harman Kardon; Ốp lưng (trừ Apple) trị giá 100.000đ
5
Thu cũ đổi mới: Giảm đến 2,000,000đ (Không kèm ưu đãi thanh toán qua cổng, mua kèm) Xem chi tiết
6
Nhập mã VNPAYTGDD5 giảm 80,000đ (áp dụng tùy giá trị đơn hàng) khi thanh toán qua VNPAY-QR (Xem chi tiết tại đây)
7
Trả chậm 0% lãi suất. Đặc biệt giảm đến 10% tối đa 5 triệu khi thanh toán qua Kredivo (Xem chi tiết tại đây)
8
Nhận ngay 200.000đ hoàn tiền khi mở thẻ tín dụng TPBank EVO và chi tiêu từ 1 triệu đồng (Xem chi tiết tại đây)";;https://www.thegioididong.com/dtdd/iphone-14-256gb;Disabled
iPhone 14 128GB;Xanh Dương;Yes;16990000;13990000;2025-12-22;"Khuyến mãi
Giá và khuyến mãi dự kiến áp dụng đến 23:00 | 31/12
1
Tặng phiếu mua hàng Apple Watch trị giá 1,000,000đ
2
Tặng phiếu mua hàng Macbook trị giá 700,000đ
3
Tặng phiếu mua hàng AirPods trị giá 500,000đ
4
Tặng Phiếu mua hàng mua sạc dự phòng (trừ AVA+, Hydrus); đồng hồ thông minh (trừ Apple); Tai nghe bluetooth và Loa bluetooth các hãng JBL, Marshall,Harman Kardon; Ốp lưng (trừ Apple) trị giá 100.000đ
5
Thu cũ đổi mới: Giảm đến 2,000,000đ (Không kèm ưu đãi thanh toán qua cổng, mua kèm) Xem chi tiết
6
Nhập mã VNPAYTGDD5 giảm 80,000đ (áp dụng tùy giá trị đơn hàng) khi thanh toán qua VNPAY-QR (Xem chi tiết tại đây)
7
Trả chậm 0% lãi suất. Đặc biệt giảm đến 10% tối đa 5 triệu khi thanh toán qua Kredivo (Xem chi tiết tại đây)
8
Nhận ngay 200.000đ hoàn tiền khi mở thẻ tín dụng TPBank EVO và chi tiêu từ 1 triệu đồng (Xem chi tiết tại đây)";;https://www.thegioididong.com/dtdd/iphone-14?code=0131491003362;Disabled
iPhone 15 256GB;Hồng nhạt;Yes;21990000;20690000soc;2025-12-22;"Khuyến mãi
Giá và khuyến mãi có thể kết thúc sớm hơn dự kiến
1
Tặng phiếu mua hàng Apple Watch trị giá 1,000,000đ
2
Tặng phiếu mua hàng Macbook trị giá 700,000đ
3
Tặng phiếu mua hàng AirPods trị giá 500,000đ
4
Nhập mã VNPAYTGDD5 giảm 80,000đ (áp dụng tùy giá trị đơn hàng) khi thanh toán qua VNPAY-QR (Xem chi tiết tại đây)
5
Trả chậm 0% lãi suất. Đặc biệt giảm đến 10% tối đa 5 triệu khi thanh toán qua Kredivo (Xem chi tiết tại đây)
6
Nhận ngay 200.000đ hoàn tiền khi mở thẻ tín dụng TPBank EVO và chi tiêu từ 1 triệu đồng (Xem chi tiết tại đây)";;https://www.thegioididong.com/dtdd/iphone-15-256gb;Disabled
iPhone 14 128GB;Đen;Yes;16990000;13990000;2025-12-22;"Khuyến mãi
Giá và khuyến mãi dự kiến áp dụng đến 23:00 | 31/12
1
Tặng phiếu mua hàng Apple Watch trị giá 1,000,000đ
2
Tặng phiếu mua hàng Macbook trị giá 700,000đ
3
Tặng phiếu mua hàng AirPods trị giá 500,000đ
4
Tặng Phiếu mua hàng mua sạc dự phòng (trừ AVA+, Hydrus); đồng hồ thông minh (trừ Apple); Tai nghe bluetooth và Loa bluetooth các hãng JBL, Marshall,Harman Kardon; Ốp lưng (trừ Apple) trị giá 100.000đ
5
Thu cũ đổi mới: Giảm đến 2,000,000đ (Không kèm ưu đãi thanh toán qua cổng, mua kèm) Xem chi tiết
6
Nhập mã VNPAYTGDD5 giảm 80,000đ (áp dụng tùy giá trị đơn hàng) khi thanh toán qua VNPAY-QR (Xem chi tiết tại đây)
7
Trả chậm 0% lãi suất. Đặc biệt giảm đến 10% tối đa 5 triệu khi thanh toán qua Kredivo (Xem chi tiết tại đây)
8
Nhận ngay 200.000đ hoàn tiền khi mở thẻ tín dụng TPBank EVO và chi tiêu từ 1 triệu đồng (Xem chi tiết tại đây)";;https://www.thegioididong.com/dtdd/iphone-14?code=0131491003359;Disabled
iPhone 15 512GB;Vàng nhạt;Yes;27990000;23990000;2025-12-22;"Khuyến mãi
Giá và khuyến mãi dự kiến áp dụng đến 23:00 | 31/12
1
Tặng phiếu mua hàng Apple Watch trị giá 1,000,000đ
2
Tặng phiếu mua hàng Macbook trị giá 700,000đ
3
Tặng phiếu mua hàng AirPods trị giá 500,000đ
4
Tặng Phiếu mua hàng mua sạc dự phòng (trừ AVA+, Hydrus); đồng hồ thông minh (trừ Apple); Tai nghe bluetooth và Loa bluetooth các hãng JBL, Marshall,Harman Kardon; Ốp lưng (trừ Apple) trị giá 100.000đ
5
Thu cũ đổi mới: Giảm đến 2,000,000đ (Không kèm ưu đãi thanh toán qua cổng, mua kèm) Xem chi tiết
6
Nhập mã VNPAYTGDD5 giảm 80,000đ (áp dụng tùy giá trị đơn hàng) khi thanh toán qua VNPAY-QR (Xem chi tiết tại đây)
7
Trả chậm 0% lãi suất. Đặc biệt giảm đến 10% tối đa 5 triệu khi thanh toán qua Kredivo (Xem chi tiết tại đây)
8
Nhận ngay 200.000đ hoàn tiền khi mở thẻ tín dụng TPBank EVO và chi tiêu từ 1 triệu đồng (Xem chi tiết tại đây)";;https://www.thegioididong.com/dtdd/iphone-15-512gb;Disabled
